位置,大小,价格,单位
山水檀溪水园南北通透中央空调 2室高层 安厦好房 山水檀溪秀园,2室2厅|100平米|14/15层卢旭芳 整租 南北,2200 ,元/月
安厦 襄城檀溪轴承厂对面檀溪公馆旁陶瓷厂家属院精装2室2厅 檀溪路万陶小区,2室2厅|90平米|4/6层臧升群 整租 南北,1000 ,元/月
檀溪府电梯新区二房拎包入住，1600送宽带 檀溪府邸,2室2厅|84平米|8/19层王立 整租 南北,1600 ,元/月
襄城丽江泊林 环境好 拎包入住 安厦 华凯丽江泊林,3室2厅|140平米|4/8层冯燕红 整租 南北,2200 ,元/月
襄城四中对面，陪读首 选，装修保持好 2室 家具齐拎包入住 生活一区,2室2厅|68平米|3/6层张小琴 整租 南北,2000 ,元/月
鼓楼财局家属院 中间楼层 拎包入住停车方便 民安公寓,2室2厅|85平米|1/7层黄虹玲 整租 南北,1700 ,元/月
湖北文理学院商品房新装修可短租家具齐全3室2厅单间200元 609研究所,3室2厅|75平米|3/7层陈程 整租 南北,200 ,元/月
安嘉好房出租，山水檀溪明园。精装修拎包入住 山水檀溪明园,1室1厅|42平米|6/9层朱雪平 整租 朝南,1500 ,元/月
檀溪恒大名都1室1厅家具家电齐全 有钥匙看房方便 恒大名都,1室1厅|39平米|10/32层夏萍 整租 朝南,1600 ,元/月
东门口居家舒适小三室，适合上学务工人员的选择 东城逸景,3室1厅|97平米|4/6层沈伟 整租 南北,1200 ,元/月
人民广场解放路精装3室 襄阳市新华书店家属院,3室1厅|120平米|6/7层王少想 合租 南北,1400 ,元/月
安厦优选 襄城 东门口 北京公馆附近 王家洼1室1厅400元 北京公馆,1室1厅|40平米|1/3层王春红 整租 朝南,350 ,元/月
西门桥102家属院好房出租，位置好，家具家电齐全，采光好 丽波湾,2室2厅|85平米|7/8层盛光燕 整租 南北,900 ,元/月
沿江大道学府花园2室房出租 学府花园,2室2厅|90平米|2/4层聂雨菡 整租 南北,1800 ,元/月
（安厦好房）庞公路 梧桐湾 精装三室 中间楼层 直接拎包入住 冠通梧桐湾,3室2厅|97平米|16/18层冷孝红 整租 南北,2300 ,元/月
解放路新华书店家属院 简装三室家电家具齐 可拎包入住 襄阳市新华书店家属院,3室2厅|150平米|2/6层张进军 整租 南北,1800 ,元/月
襄城东门口商品房小区 三室精装修 拎包入住 安厦 仟和惠景,3室2厅|145平米|5/7层冯燕红 整租 南北,2000 ,元/月
安厦 三桥头金色营盘精装二室 小区环境好 交通便利 骧龙国际,2室2厅|80平米|11/16层徐娟 整租 南北,1000 ,元/月
胜利街36中半山逸品山水文景静雅苑2室精装拎包入住非常干净 静雅苑,3室2厅|110平米|5/5层吴莹 整租 南北,1000 ,元/月
胜利街静雅苑2房，近公交站，新建公园旁，精装修拎包入住！！ 静雅苑,2室2厅|92平米|6/7层王文俊 整租 南北,1400 ,元/月
室内干净明亮，家俱家电齐全，交通方便 襄城春天,2室2厅|98平米|5/7层王军 整租 南北,1600 ,元/月
安厦好房 东门口华电对面鼎盛苑 两室家具家电齐全 看房方便 中房鼎盛源,2室2厅|65平米|4/6层张曼 整租 南北,1300 ,元/月
六化建育才小区，南北通透有阳台，看房方便，诚意出租！！ 六化建育才小区,2室2厅|80平米|7/7层王文俊 整租 南北,1000 ,元/月
恒大名都精装两室户型好光线好安厦好房 恒大名都,2室2厅|87平米|30/32层王红玲 合租 南北,2000 ,元/月
安嘉好房出租，家具家电期，拎包入住 檀溪府邸,3室2厅|137平米|10/25层朱雪平 整租 朝南,2500 ,元/月
东街 武商量贩与襄城剧院旁 二室一厅 交通方便,2室1厅|75平米|2/5层刘源 整租 南北,1800 ,元/月
襄城丽江泊林 高端小区 精装修 拎包入住 安厦 华凯丽江泊林,3室2厅|97平米|2/8层冯燕红 整租 南北,2000 ,元/月
出租檀溪检察院家属院2室有家具家电！ 盛景名门,2室2厅|88平米|5/6层彭丹 整租 南北,1600 ,元/月
安厦 恒大名都精装一室 家具家电齐全 均价低 恒大名都,1室1厅|39平米|10/32层马思维 整租 南北,1600 ,元/月
北街33中旁一轻公司 有院子有保安 拎包入住 鼓楼公寓,2室1厅|70平米|2/6层张亚丽 整租 南北,1900 ,元/月
四中对面单位家属院，免费物业免停车位只租1800， 四中小学家属院,2室2厅|68平米|5/7层王立 整租 南北,1800 ,元/月
安厦出租 鼓楼商场旁联达小区精装房两室两厅家具家电齐全 联达小区,2室2厅|95平米|3/4层陈枝敏 整租 南北,2200 ,元/月
檀溪恒大名都精装2室 家具家电齐全 阳台朝南 恒大名都,2室2厅|87平米|30/32层夏萍 整租 南北,1900 ,元/月
檀溪路吉阳旁檀溪新居，近图书馆，电梯2房，楼层好看房方便！ 檀溪新居,2室1厅|85平米|14/15层王文俊 整租 南北,1800 ,元/月
鼓楼附近带家具，家电三居室，干净整洁，拎包入住 鼓楼公寓,3室1厅|97平米|3/7层彭军华 整租 南北,1800 ,元/月
（安厦好房）丽江泊林高档花园小区精装两室电梯房家具家电齐全 华凯丽江泊林,2室2厅|80平米|8/8层袁飞 整租 南北,1700 ,元/月
（安厦好房）东门口一轻局家属院 精装两室 有钥匙 拎包入住 隆馨家园,2室2厅|69平米|1/1层辛美娜 整租 南北,1200 ,元/月
安厦优选 檀溪路图书馆旁电梯房精装修家具家电齐全 檀溪新居,2室2厅|83平米|14/15层辛美娜 整租 南北,1800 ,元/月
安厦优选襄城檀溪路国际商都单间公寓出租 国际商都,2室1厅|55平米|3/3层邹学亭 整租 南北,800 ,元/月
襄城西门桥护城河畔襄城矿山小区，襄阳人家7中国际部2楼 矿山小区,3室1厅|105平米|1/6层崔贵波 整租 南北,1600 ,元/月
襄城北街精装修一房一厅，带家具，家电，可拎包入住,1室1厅|45平米|4/7层彭军华 整租 东西,1000 ,元/月
襄城檀溪路东方小区精装修2室2厅1卫90平1700元月租 东方社区,2室2厅|90平米|14/15层陈枝敏 整租 南北,1700 ,元/月
山水檀溪秀园精装3室靠近路边适合办公和居家 山水檀溪秀园,3室2厅|128平米|10/15层彭丹 整租 南北,1800 ,元/月
安厦好房 鼓楼金兰实验小学附近工行家属院 简单家具家电 花园公寓,2室2厅|80平米|3/7层冯静雯 整租 南北,1700 ,元/月
安厦 襄城檀溪襄轴家属院1室1厅1卫轴承一路41中 轴承厂家属区,1室1厅|50平米|5/6层臧升群 整租 南北,650 ,元/月
檀溪路檀溪府。邸精装三室家电齐全拎包入住 檀溪府邸,3室2厅|120平米|21/23层袁帅鹏 整租 南北,2500 ,元/月
东门口医院上班方便近 庞公花苑 精装2房即可。 庞公花苑,2室2厅|90平米|1/6层崔贵波 整租 南北,1800 ,元/月
襄城区东门口二附近红旗小区两室精装修有车位 红旗小区,2室1厅|75平米|7/8层崔贵波 整租 南北,1000 ,元/月
襄城附小附近精装修三房两厅一卫，带家具，家电拎包入住,3室2厅|120平米|7/7层彭军华 整租 东南,1700 ,元/月
鱼梁洲鹿鸣岛，5楼1500元，家具家电齐全，复试楼带空中花园 鹿鸣岛花园夏雨苑,4室2厅|153平米|5/6层赵晓 整租 西北,1500 ,元/月
农校家属院精装修，带空调家俱，家电拎包入住。 美琦公寓,1室1厅|46平米|3/4层彭军华 整租 南北,1500 ,元/月
檀溪路 襄阳市图书馆后慧苑新区 二室二厅 慧苑新区,2室2厅|80平米|1/7层刘源 整租 南北,1800 ,元/月
檀溪明园精装修一房一厅，带家具，家电拎包入住。 山水檀溪明园,1室1厅|60平米|7/9层彭军华 整租 西北,2000 ,元/月
四中对面陪读房，荆州街四区88平2室2厅，家电齐全拎包住. 生活一区,2室2厅|86平米|4/6层崔贵波 整租 朝南,2000 ,元/月
西门桥建行家属院 中间楼层 拎包入住 精装修 昭明台社区,2室2厅|82平米|3/7层黄虹玲 整租 南北,1800 ,元/月
安厦襄城檀溪东方小区板楼精装修采光好拎包入住有钥匙看房方便 东方社区,3室2厅|112平米|3/6层赵鹏侦 整租 南北,1850 ,元/月
襄城武商附近 四中陪读房，一室精装1500元 金榜公寓,1室1厅|30平米|1/5层张小琴 整租 南北,1500 ,元/月
东门口河畔林语两室精装家具家电齐全 有钥匙看房方便 庞公春晓,2室2厅|95平米|2/15层康海波 整租 南北,1500 ,元/月
安厦好房 檀溪府 邸两室精装修 楼层好 家具家电齐全 檀溪府邸,2室2厅|83平米|18/23层张曼 整租 南北,1900 ,元/月
安厦好房 檀溪恒大名都对面小区 两室精装家具家电齐全 檀溪府邸,2室2厅|82平米|22/23层冯静雯 整租 南北,1800 ,元/月
山水檀溪水园南北通透中央空调 2室高层 安厦好房 山水檀溪秀园,2室2厅|100平米|14/15层卢旭芳 整租 南北,2200 ,元/月
安厦 襄城檀溪轴承厂对面檀溪公馆旁陶瓷厂家属院精装2室2厅 檀溪路万陶小区,2室2厅|90平米|4/6层臧升群 整租 南北,1000 ,元/月
檀溪府电梯新区二房拎包入住，1600送宽带 檀溪府邸,2室2厅|84平米|8/19层王立 整租 南北,1600 ,元/月
襄城丽江泊林 环境好 拎包入住 安厦 华凯丽江泊林,3室2厅|140平米|4/8层冯燕红 整租 南北,2200 ,元/月
襄城四中对面，陪读首 选，装修保持好 2室 家具齐拎包入住 生活一区,2室2厅|68平米|3/6层张小琴 整租 南北,2000 ,元/月
鼓楼财局家属院 中间楼层 拎包入住停车方便 民安公寓,2室2厅|85平米|1/7层黄虹玲 整租 南北,1700 ,元/月
湖北文理学院商品房新装修可短租家具齐全3室2厅单间200元 609研究所,3室2厅|75平米|3/7层陈程 整租 南北,200 ,元/月
安嘉好房出租，山水檀溪明园。精装修拎包入住 山水檀溪明园,1室1厅|42平米|6/9层朱雪平 整租 朝南,1500 ,元/月
檀溪恒大名都1室1厅家具家电齐全 有钥匙看房方便 恒大名都,1室1厅|39平米|10/32层夏萍 整租 朝南,1600 ,元/月
东门口居家舒适小三室，适合上学务工人员的选择 东城逸景,3室1厅|97平米|4/6层沈伟 整租 南北,1200 ,元/月
人民广场解放路精装3室 襄阳市新华书店家属院,3室1厅|120平米|6/7层王少想 合租 南北,1400 ,元/月
安厦优选 襄城 东门口 北京公馆附近 王家洼1室1厅400元 北京公馆,1室1厅|40平米|1/3层王春红 整租 朝南,350 ,元/月
西门桥102家属院好房出租，位置好，家具家电齐全，采光好 丽波湾,2室2厅|85平米|7/8层盛光燕 整租 南北,900 ,元/月
沿江大道学府花园2室房出租 学府花园,2室2厅|90平米|2/4层聂雨菡 整租 南北,1800 ,元/月
（安厦好房）庞公路 梧桐湾 精装三室 中间楼层 直接拎包入住 冠通梧桐湾,3室2厅|97平米|16/18层冷孝红 整租 南北,2300 ,元/月
解放路新华书店家属院 简装三室家电家具齐 可拎包入住 襄阳市新华书店家属院,3室2厅|150平米|2/6层张进军 整租 南北,1800 ,元/月
襄城东门口商品房小区 三室精装修 拎包入住 安厦 仟和惠景,3室2厅|145平米|5/7层冯燕红 整租 南北,2000 ,元/月
安厦 三桥头金色营盘精装二室 小区环境好 交通便利 骧龙国际,2室2厅|80平米|11/16层徐娟 整租 南北,1000 ,元/月
胜利街36中半山逸品山水文景静雅苑2室精装拎包入住非常干净 静雅苑,3室2厅|110平米|5/5层吴莹 整租 南北,1000 ,元/月
胜利街静雅苑2房，近公交站，新建公园旁，精装修拎包入住！！ 静雅苑,2室2厅|92平米|6/7层王文俊 整租 南北,1400 ,元/月
室内干净明亮，家俱家电齐全，交通方便 襄城春天,2室2厅|98平米|5/7层王军 整租 南北,1600 ,元/月
安厦好房 东门口华电对面鼎盛苑 两室家具家电齐全 看房方便 中房鼎盛源,2室2厅|65平米|4/6层张曼 整租 南北,1300 ,元/月
六化建育才小区，南北通透有阳台，看房方便，诚意出租！！ 六化建育才小区,2室2厅|80平米|7/7层王文俊 整租 南北,1000 ,元/月
恒大名都精装两室户型好光线好安厦好房 恒大名都,2室2厅|87平米|30/32层王红玲 合租 南北,2000 ,元/月
安嘉好房出租，家具家电期，拎包入住 檀溪府邸,3室2厅|137平米|10/25层朱雪平 整租 朝南,2500 ,元/月
东街 武商量贩与襄城剧院旁 二室一厅 交通方便,2室1厅|75平米|2/5层刘源 整租 南北,1800 ,元/月
襄城丽江泊林 高端小区 精装修 拎包入住 安厦 华凯丽江泊林,3室2厅|97平米|2/8层冯燕红 整租 南北,2000 ,元/月
出租檀溪检察院家属院2室有家具家电！ 盛景名门,2室2厅|88平米|5/6层彭丹 整租 南北,1600 ,元/月
安厦 恒大名都精装一室 家具家电齐全 均价低 恒大名都,1室1厅|39平米|10/32层马思维 整租 南北,1600 ,元/月
北街33中旁一轻公司 有院子有保安 拎包入住 鼓楼公寓,2室1厅|70平米|2/6层张亚丽 整租 南北,1900 ,元/月
四中对面单位家属院，免费物业免停车位只租1800， 四中小学家属院,2室2厅|68平米|5/7层王立 整租 南北,1800 ,元/月
安厦出租 鼓楼商场旁联达小区精装房两室两厅家具家电齐全 联达小区,2室2厅|95平米|3/4层陈枝敏 整租 南北,2200 ,元/月
檀溪恒大名都精装2室 家具家电齐全 阳台朝南 恒大名都,2室2厅|87平米|30/32层夏萍 整租 南北,1900 ,元/月
安厦好房 檀溪府 邸两室精装修 楼层好 家具家电齐全 檀溪府邸,2室2厅|83平米|22/23层冯静雯 整租 南北,1900 ,元/月
檀溪路吉阳旁檀溪新居，近图书馆，电梯2房，楼层好看房方便！ 檀溪新居,2室1厅|85平米|14/15层王文俊 整租 南北,1800 ,元/月
鼓楼附近带家具，家电三居室，干净整洁，拎包入住 鼓楼公寓,3室1厅|97平米|3/7层彭军华 整租 南北,1800 ,元/月
（安厦好房）丽江泊林高档花园小区精装两室电梯房家具家电齐全 华凯丽江泊林,2室2厅|80平米|8/8层袁飞 整租 南北,1700 ,元/月
（安厦好房）东门口一轻局家属院 精装两室 有钥匙 拎包入住 隆馨家园,2室2厅|69平米|1/1层辛美娜 整租 南北,1200 ,元/月
安厦优选 檀溪路图书馆旁电梯房精装修家具家电齐全 檀溪新居,2室2厅|83平米|14/15层辛美娜 整租 南北,1800 ,元/月
安厦优选襄城檀溪路国际商都单间公寓出租 国际商都,2室1厅|55平米|3/3层邹学亭 整租 南北,800 ,元/月
襄城西门桥护城河畔襄城矿山小区，襄阳人家7中国际部2楼 矿山小区,3室1厅|105平米|1/6层崔贵波 整租 南北,1600 ,元/月
襄城北街精装修一房一厅，带家具，家电，可拎包入住,1室1厅|45平米|4/7层彭军华 整租 东西,1000 ,元/月
襄城檀溪路东方小区精装修2室2厅1卫90平1700元月租 东方社区,2室2厅|90平米|14/15层陈枝敏 整租 南北,1700 ,元/月
山水檀溪秀园精装3室靠近路边适合办公和居家 山水檀溪秀园,3室2厅|128平米|10/15层彭丹 整租 南北,1800 ,元/月
安厦好房 鼓楼金兰实验小学附近工行家属院 简单家具家电 花园公寓,2室2厅|80平米|3/7层冯静雯 整租 南北,1700 ,元/月
安厦 襄城檀溪襄轴家属院1室1厅1卫轴承一路41中 轴承厂家属区,1室1厅|50平米|5/6层臧升群 整租 南北,650 ,元/月
檀溪路檀溪府。邸精装三室家电齐全拎包入住 檀溪府邸,3室2厅|120平米|21/23层袁帅鹏 整租 南北,2500 ,元/月
东门口医院上班方便近 庞公花苑 精装2房即可。 庞公花苑,2室2厅|90平米|1/6层崔贵波 整租 南北,1800 ,元/月
襄城区东门口二附近红旗小区两室精装修有车位 红旗小区,2室1厅|75平米|7/8层崔贵波 整租 南北,1000 ,元/月
襄城附小附近精装修三房两厅一卫，带家具，家电拎包入住,3室2厅|120平米|7/7层彭军华 整租 东南,1700 ,元/月
鱼梁洲鹿鸣岛，5楼1500元，家具家电齐全，复试楼带空中花园 鹿鸣岛花园夏雨苑,4室2厅|153平米|5/6层赵晓 整租 西北,1500 ,元/月
农校家属院精装修，带空调家俱，家电拎包入住。 美琦公寓,1室1厅|46平米|3/4层彭军华 整租 南北,1500 ,元/月
檀溪路 襄阳市图书馆后慧苑新区 二室二厅 慧苑新区,2室2厅|80平米|1/7层刘源 整租 南北,1800 ,元/月
檀溪明园精装修一房一厅，带家具，家电拎包入住。 山水檀溪明园,1室1厅|60平米|7/9层彭军华 整租 西北,2000 ,元/月
四中对面陪读房，荆州街四区88平2室2厅，家电齐全拎包住. 生活一区,2室2厅|86平米|4/6层崔贵波 整租 朝南,2000 ,元/月
西门桥建行家属院 中间楼层 拎包入住 精装修 昭明台社区,2室2厅|82平米|3/7层黄虹玲 整租 南北,1800 ,元/月
安厦襄城檀溪东方小区板楼精装修采光好拎包入住有钥匙看房方便 东方社区,3室2厅|112平米|3/6层赵鹏侦 整租 南北,1850 ,元/月
襄城武商附近 四中陪读房，一室精装1500元 金榜公寓,1室1厅|30平米|1/5层张小琴 整租 南北,1500 ,元/月
东门口河畔林语两室精装家具家电齐全 有钥匙看房方便 庞公春晓,2室2厅|95平米|2/15层康海波 整租 南北,1500 ,元/月
安厦好房 檀溪恒大名都对面小区 两室精装家具家电齐全 檀溪府邸,2室2厅|82平米|22/23层冯静雯 整租 南北,1800 ,元/月
安厦襄城檀溪东方小区板楼精装修采光好拎包入住有钥匙看房方便 东方社区,3室2厅|112平米|3/6层赵鹏侦 整租 南北,1850 ,元/月
襄城武商附近 四中陪读房，一室精装1500元 金榜公寓,1室1厅|30平米|1/5层张小琴 整租 南北,1500 ,元/月
鼓楼北街带空调，热水器，可拎包入住。,1室1厅|50平米|3/6层彭军华 整租 东北,1100 ,元/月
东门口河畔林语两室精装家具家电齐全 有钥匙看房方便 庞公春晓,2室2厅|95平米|2/15层康海波 整租 南北,1500 ,元/月
安厦好房 名仕家天下精装3室，家具家电齐全，送免费停车位 名仕家天下,3室2厅|123平米|12/18层邵华月 整租 朝南,2200 ,元/月
檀溪路水园精装二室中层带中央空调电梯房家具家电齐全拎包入住 山水檀溪檀园,2室2厅|100平米|11/15层赵俊锋 整租 南北,2200 ,元/月
一桥头襄阳天下正对面江景房浩然公寓正规两室整租 嘉源新村,2室2厅|80平米|8/8层王振华 整租 西北,1000 ,元/月
襄城美琪公寓 一室一厅诚心出租 慧苑新区,2室2厅|78平米|4/7层邹学亭 整租 南北,1500 ,元/月
安厦好房 人大家属院小区 3室2厅2卫,3室2厅|140平米|3/7层卢旭芳 整租 朝南,1800 ,元/月
襄城芙蓉园 全新装修 家具家电齐全 拎包入住 安厦 山水檀溪芙蓉园,3室2厅|100平米|2/11层冯燕红 整租 南北,2800 ,元/月
卧龙大桥旁 檀溪路 檀溪付邸 三室二厅 檀溪府邸,3室2厅|135平米|6/23层刘源 整租 南北,2200 ,元/月
襄城中心医院附近四中对面3室近22中四中义教部新装家具家电全 审计局家属院,2室2厅|100平米|2/6层朱桂芳 整租 南北,2500 ,元/月
安厦租房，襄城檀溪国际商都，一室一厅一卫，带阳台，拎 包入住 国际商都,1室1厅|50平米|3/4层余传雄 整租 朝南,1000 ,元/月
（安厦好房）闸口在水一方 精装三室 南北通透 直接拎包入住 在水一方,3室2厅|123平米|1/7层冷孝红 整租 南北,2000 ,元/月
安厦好房 檀溪中路学府花园 三室精装家具家电齐全 看房方便 学府花园,3室2厅|107平米|2/7层辛美娜 整租 南北,2000 ,元/月
安厦好房 襄城三桥旁檀溪府.邸精装2室电梯房 中层 檀溪府邸,2室2厅|85平米|12/23层邵华月 合租 朝南,1500 ,元/月
安厦好房 君祥御景佳园 精装修拎包入住 君祥御景佳园,3室2厅|101平米|14/15层卢旭芳 整租 朝南,2300 ,元/月
安厦好房 沿江大道滨江苑小区 三室精装家具家电齐全 看房方便 滨江苑小区,3室2厅|104平米|5/6层张曼 整租 南北,1800 ,元/月
卫校附近单位院，带家具，家电，拎包入住,2室1厅|75平米|2/6层彭军华 整租 南北,1500 ,元/月
鼓楼商场家属院两室一厅出租 鼓楼商场福利路家属院,2室2厅|86平米|3/6层聂雨菡 整租 南北,1800 ,元/月
安厦好房 檀溪府 邸两室精装修 楼层好 家具家电齐全 檀溪府邸,2室2厅|83平米|18/23层张曼 整租 南北,1900 ,元/月
安厦好房 襄城檀溪恒大名都精装3室，婚房未入住 恒大名都,3室2厅|116平米|4/23层邵华月 合租 朝南,2300 ,元/月
荟园小区两室好房出租,2室2厅|92平米|3/7层聂雨菡 整租 南北,1500 ,元/月
安厦好房 檀溪路东方小区电梯房两室精装修家具家电齐 东方社区,2室2厅|83平米|6/12层张曼 整租 南北,1500 ,元/月
襄城环城路 3室2厅2卫 精装修 家具家电齐全 安厦 仟和惠景,3室2厅|149平米|2/7层冯燕红 整租 南北,2000 ,元/月
鼓楼巷菜场门面一间，可从事各种经营。 鼓楼公寓,1室1厅|60平米|1/6层彭军华 整租 东西,2800 ,元/月
襄城檀溪恒大名对面电梯房 精装两室家具家电齐全 直接入住 檀溪府邸,2室2厅|82平米|17/26层郑金兰 整租 朝南,1600 ,元/月
襄城檀溪山水家园2楼精装修133平有钥匙看房方便 山水檀溪山水家园,3室2厅|133平米|2/25层陈枝敏 整租 南北,2500 ,元/月
襄城南街绿影壁公寓精装修 ，全新装修全新家电家具 绿影壁公寓,3室2厅|130平米|1/6层崔贵波 整租 南北,2800 ,元/月
图书馆旁边租檀溪检察院家属院2室精装家具家电齐全， 山水檀溪明园,2室2厅|88平米|3/7层黄虹玲 整租 南北,1600 ,元/月
新城湾新出三室二厅大房，家具家电齐全，2000直接入住,3室2厅|135平米|4/7层王立 整租 南北,2000 ,元/月
安厦出租，襄城檀溪恒大一期，精装两室，阳台朝南，拎包入住 恒大名都,2室2厅|91平米|11/23层余传雄 整租 朝南,1800 ,元/月
襄城高端小区 精装修两房 拎包入住 安厦 华凯丽江泊林,2室2厅|80平米|8/8层冯燕红 整租 南北,1700 ,元/月
安嘉华立凤凰城对面精装3室出租 在水一方,3室2厅|150平米|2/30层李小燕 整租 朝南,2000 ,元/月
君临山拎包入住家具家电齐全两室电梯房 君临山,2室2厅|93平米|11/15层聂雨菡 整租 南北,2500 ,元/月
鼓楼中心位置。婚房精装修，带家具家电，拎包入住。 鼓楼公寓,2室1厅|90平米|5/7层彭军华 整租 南北,2100 ,元/月
东门口清华园拎包入住精装修三房，有电梯有空调小区配套也齐全 清华园,3室2厅|122平米|6/9层王立 整租 南北,2500 ,元/月
安厦 襄城襄轴家属院2室2厅1卫好楼层出租 轴承厂家属区,2室2厅|65平米|2/7层臧升群 整租 南北,900 ,元/月
安厦好房襄城 美格丽芬 名人城市 山水檀溪明园 2室2厅1卫 山水檀溪明园,2室2厅|90平米|4/9层王春红 整租 南北,2600 ,元/月
安厦好房 荆州街单位小区学 区房 家具家电齐全适合陪读 景苑1区,3室2厅|110平米|1/7层张曼 整租 南北,2600 ,元/月
西门桥建行家属院 精装修 中间楼层 拎包入住 昭明台社区,2室2厅|82平米|3/7层黄虹玲 整租 南北,1800 ,元/月
安厦好房 檀溪新居两室精装修 楼层好 家具家电齐全 檀溪新居,2室2厅|86平米|6/7层张曼 整租 南北,1800 ,元/月
生活一区冬天送免费暖气的大三房，寒冬给家人一个温暖 生活一区,3室2厅|141平米|3/7层王立 整租 南北,3000 ,元/月
山水檀溪明园 1室1厅1卫 山水檀溪明园,1室1厅|45平米|2/9层卢旭芳 整租 南北,1600 ,元/月
安厦好房 襄城东门口 三室精装修 采光无敌看房方便！ 华凯丽江泊林,3室2厅|98平米|7/8层胡玥 整租 南北,2000 ,元/月
安廈 东方小区市政府对面 精装2房 家具家电齐全 拎包入住 东方社区,2室2厅|81平米|12/15层马思维 整租 南北,1550 ,元/月
四中五小陪读房，精装修家电家具齐全新房子拎包入住房子新。 新城湾小区,3室2厅|120平米|4/6层崔贵波 整租 朝南,2000 ,元/月
西门桥卫校家属院，3楼2室家电齐全，诚意出租！！！,2室1厅|76平米|3/5层王文俊 整租 南北,1500 ,元/月
（安厦好房）荆州街 生活一区 精装二室步行5 分 到四中 生活一区,2室1厅|68平米|5/7层袁飞 整租 南北,2000 ,元/月
安厦优选 襄城胜利街 荟苑 江华小区中间楼层 2室2厅一千二 荟苑小区,2室2厅|72平米|4/6层王春红 整租 南北,1000 ,元/月
恒大名都对面檀溪府低高档电梯精装大两房家电齐全拎包入住！！！ 檀溪府邸,2室2厅|92平米|14/27层庄坦 整租 南北,1700 ,元/月
安厦优选襄城东门口 河畔林语 庞公春晓一轻局2楼3楼精装干净 隆馨家园,2室2厅|69平米|3/6层王春红 整租 南北,1200 ,元/月
四中武商金榜公寓，荆州街一区单位房，2室一厅家电齐全四中陪读 四中小学家属院,2室2厅|88平米|5/6层崔贵波 整租 朝南,2000 ,元/月
爱尚居闸口四季青民房一楼带小院可停电三轮,2室2厅|130平米|1/2层杨永胜 整租 东西,1000 ,元/月
襄城22中四中附近老干局3室保养地干净家具家电全 审计局家属院,3室2厅|140平米|5/7层朱桂芳 整租 南北,2500 ,元/月
安厦出租，恒大一期，精装四室，家具家电齐全，车位另租 恒大名都,4室2厅|173平米|10/32层余传雄 整租 南北,4200 ,元/月
襄城区二桥头 家电家具齐全 交通便利 拎包入住 中房泰鑫公寓,3室2厅|130平米|4/8层王军 整租 南北,1800 ,元/月
盛丰路文理学院附近单位院，两房一厅一卫 湖北机动通信局家属院,2室1厅|60平米|1/5层彭军华 整租 南北,700 ,元/月
安厦好房 檀溪恒大对面小区 两室精装家具家电齐全 看房方便 檀溪府邸,2室2厅|85平米|1/23层郝芳 整租 南北,1900 ,元/月
荆州街市政府生活四区 两室两厅诚心出租,2室2厅|58平米|4/5层邹学亭 整租 南北,2000 ,元/月
四中武商金榜公寓，荆州街一区单位房，2室一厅家电齐全四中陪读 四中小学家属院,2室2厅|88平米|5/6层崔贵波 整租 朝南,2000 ,元/月
爱尚居闸口四季青民房一楼带小院可停电三轮,2室2厅|130平米|1/2层杨永胜 整租 东西,1000 ,元/月
襄城22中四中附近老干局3室保养地干净家具家电全 审计局家属院,3室2厅|140平米|5/7层朱桂芳 整租 南北,2500 ,元/月
安厦出租，恒大一期，精装四室，家具家电齐全，车位另租 恒大名都,4室2厅|173平米|10/32层余传雄 整租 南北,4200 ,元/月
襄城区二桥头 家电家具齐全 交通便利 拎包入住 中房泰鑫公寓,3室2厅|130平米|4/8层王军 整租 南北,1800 ,元/月
盛丰路文理学院附近单位院，两房一厅一卫 湖北机动通信局家属院,2室1厅|60平米|1/5层彭军华 整租 南北,700 ,元/月
安厦好房 檀溪恒大对面小区 两室精装家具家电齐全 看房方便 檀溪府邸,2室2厅|85平米|1/23层郝芳 整租 南北,1900 ,元/月
荆州街市政府生活四区 两室两厅诚心出租,2室2厅|58平米|4/5层邹学亭 整租 南北,2000 ,元/月
襄城四中初中部 审计局步行五分 精装两室 拎包入住 审计局家属院,2室2厅|100平米|6/6层吴莹 整租 南北,2200 ,元/月
租檀溪检察院家属院2室精装家具家电齐全，图书馆旁边 山水檀溪明园,2室2厅|88平米|5/7层彭丹 整租 南北,1600 ,元/月
（安厦好房）鼓楼商圈 北街 2室 位置好 楼层佳,2室2厅|72平米|3/6层袁飞 整租 南北,1000 ,元/月
安厦好房 檀溪东方小区 两室精装 简单家具家电 有钥匙 东方社区,2室2厅|80平米|4/8层卢旭芳 整租 南北,1300 ,元/月
安厦好房 东方小区两室简单家具 电梯房小区环境好 看房方便 东方社区,2室2厅|85平米|2/11层李莉 整租 南北,1350 ,元/月
檀溪街区檀溪福地三室房出租 檀溪府邸,3室2厅|120平米|11/23层聂雨菡 整租 南北,2400 ,元/月
檀溪中路精装修拎包入住的房子，1800随时可以入住了 檀溪府邸,2室2厅|89平米|16/19层王立 整租 南北,1800 ,元/月
安厦好房 山水檀溪芙蓉园 芙蓉路 精装三室 全新家具拎包入住 山水檀溪芙蓉园,3室1厅|99平米|2/11层杨祺 整租 南北,2800 ,元/月
安厦好房出租 位于檀溪路附近的芙蓉园 精装3室 山水檀溪芙蓉园,3室2厅|98平米|2/11层曹梅琴 整租 南北,2800 ,元/月
鼓楼公寓精装修家电家具齐全，鼓楼繁华地段，医院隔壁 鼓楼公寓,2室2厅|77平米|3/6层崔贵波 整租 朝南,1550 ,元/月
安厦好房 山水檀溪檀园精装两室 山水檀溪檀园,2室2厅|85平米|14/15层卢旭芳 整租 南北,2500 ,元/月
安厦好房 恒大一室精装修楼层好 家具家电齐全拎包入住 恒大名都,1室1厅|39平米|10/33层张曼 整租 南北,1600 ,元/月
安厦出租，襄城檀溪府 邸，豪装两房，家具家电齐全，拎包入住 檀溪府邸,2室2厅|83平米|12/24层辛美娜 整租 朝南,2000 ,元/月
安厦好房 檀溪恒大名都对面小区 两室家具家电齐全 看房方便 檀溪府邸,2室2厅|82平米|2/26层冯静雯 整租 南北,1800 ,元/月
恒大名都2室精装家具家电其全 拎包入住 安厦优选 恒大名都,2室2厅|89平米|17/23层郝芳 整租 南北,2000 ,元/月
安厦好房 檀溪恒大名都对面小区 两室家具家电齐全 看房方便 檀溪府邸,2室2厅|85平米|16/23层李莉 整租 南北,1700 ,元/月
鼓楼北街精致小一房一厅，带家具，家电，可拎包入住,1室1厅|48平米|4/6层彭军华 整租 南北,1100 ,元/月
安厦好房 檀溪中路学府花园 三室精装家具家电齐全 看房方便 学府花园,3室2厅|107平米|2/7层卢旭芳 整租 南北,2000 ,元/月
襄城檀溪恒大名都对面檀溪府 邸2室精装家具家电齐全 朝南阳台 檀溪府邸,2室2厅|85平米|5/24层夏萍 整租 南北,1700 ,元/月
檀溪恒大名都对面檀溪府 邸精装2室家具家电齐全 安厦好房 檀溪府邸,2室2厅|83平米|2/24层冯静雯 整租 朝南,1900 ,元/月
安嘉 骧龙国际3室2厅2卫，南北双阳台，中间楼层！ 骧龙国际,3室2厅|140平米|9/30层周明克 整租 南北,1500 ,元/月
安厦好房 檀溪新居两室简单家具 电梯房小区环境好 看房方便 檀溪新居,2室2厅|80平米|7/15层李莉 整租 南北,1200 ,元/月
檀溪府 邸 精装电梯两室 家具家电齐全 拎包入住 安厦好房 檀溪府邸,2室2厅|80平米|15/23层郝芳 整租 南北,1700 ,元/月
安厦好房檀溪吉阳酒店后面电梯房精装修两室家具家电齐全 檀溪新居,2室2厅|85平米|4/15层郝芳 整租 南北,1700 ,元/月
安厦好房 檀溪府.邸精装2室2厅1卫 中间楼层 拎包入住 檀溪府邸,2室2厅|87平米|17/26层张翠 整租 朝南,1500 ,元/月
安厦好房 东门楼梧桐湾对面的23中家属院大三室家具家电齐全 冠通梧桐湾,3室2厅|136平米|3/7层张曼 整租 南北,2200 ,元/月
安厦好房 檀溪府 邸两室精装修 楼层好 家具家电齐全 檀溪府邸,2室2厅|83平米|17/24层张曼 整租 南北,1800 ,元/月
安厦好房 檀溪恒大名都对面小区三室精装 家具家电齐全看房方便 檀溪府邸,3室2厅|139平米|9/26层张曼 整租 南北,2600 ,元/月
安厦好房 檀溪府 邸两室精装修 楼层好 家具家电齐全 檀溪府邸,2室2厅|85平米|5/25层张曼 整租 南北,1700 ,元/月
北街33中隔壁昭明，机关单位院，精装修家电齐全， 景苑1区,2室2厅|120平米|3/6层崔贵波 整租 朝南,2000 ,元/月
襄城 檀溪 恒大名都 精装单身户型 家电齐全 拎包住仅此一套 恒大名都,1室1厅|39平米|22/32层吴小梅 整租 朝南,1300 ,元/月
襄州人民医院精装三室，中间楼层，拎包入住,3室1厅|90平米|4/6层王丽 整租 朝南,1500 ,元/月
安厦好房 新吉阳附近檀溪新居 两室精装家具家电齐全 看房预约 檀溪新居,2室2厅|85平米|4/15层郝芳 整租 南北,1800 ,元/月
安嘉 恒大二期经典三室学曲房 恒大名都,3室2厅|120平米|17/18层胡庆玲 整租 南北,2000 ,元/月
安厦好房 檀溪 家具齐全 檀溪府邸,2室2厅|82平米|25/26层卢旭芳 整租 朝北,1500 ,元/月
喜欢怀旧风的看过来，房子在鼓楼老五中附近，价格亲民,2室1厅|50平米|3/3层彭军华 整租 东西,400 ,元/月
安厦好房 檀溪新居两室精装修 楼层好 家具家电齐全 檀溪新居,2室2厅|85平米|7/15层张曼 整租 南北,1200 ,元/月
安厦好房 檀溪府.邸精装2室2厅1卫 拎包入住 檀溪府邸,2室2厅|88平米|13/26层张翠 整租 朝南,1500 ,元/月
恒大名都二期 精装电梯两室 家具家电齐全 均价低 安厦好房 恒大名都,2室2厅|72平米|22/23层辛美娜 整租 南北,1800 ,元/月
安厦好房 檀溪府 邸两室精装修 楼层好 家具家电齐全 檀溪府邸,2室2厅|83平米|13/23层张曼 整租 南北,1700 ,元/月
安厦好房 檀溪府 邸两室精装修 楼层好 家具家电齐全 檀溪府邸,2室2厅|82平米|25/26层卢旭芳 整租 南北,1800 ,元/月
安厦好房 檀溪府 邸两室精装修 楼层好 家具家电齐全 檀溪府邸,2室2厅|83平米|16/25层张曼 整租 南北,1700 ,元/月
安厦好房 檀溪图书馆旁檀溪新居两室家具家电齐全 檀溪新居,2室2厅|85平米|7/7层张曼 整租 南北,1800 ,元/月
襄城红花园两室一厅出租,2室2厅|78平米|7/7层聂雨菡 整租 南北,1500 ,元/月
安厦好房 恒大名都对面小区精装修 家具家电齐全 看房方便 檀溪府邸,2室2厅|85平米|15/30层卢旭芳 整租 南北,1600 ,元/月
安厦 襄城檀溪路东方小区简装二室 家具家电齐全 拎包入住 东方社区,2室2厅|77平米|3/6层徐娟 整租 南北,1300 ,元/月
安厦力荐，襄城檀溪新居，两室两厅一卫，简单家具，阳台朝南 檀溪新居,2室2厅|80平米|7/15层余传雄 整租 朝南,1200 ,元/月
安厦好房 檀溪恒大名都对面小区 三室家具家电齐全 看房方便 檀溪府邸,3室2厅|120平米|5/26层张曼 整租 南北,2500 ,元/月
安厦优选 襄城胜利街 荟苑 江华小区中间楼层 2室2厅一千二 荟苑小区,2室2厅|72平米|4/6层王春红 整租 南北,1200 ,元/月
安厦好房 檀溪恒大名都对面小区三室精装 家具家电齐全看房方便 檀溪府邸,3室2厅|139平米|13/26层卢旭芳 整租 南北,2600 ,元/月
檀溪府 邸大三室精装修价格便宜诚心出售随时看房 檀溪府邸,3室2厅|139平米|5/32层姜佳星 整租 南北,2200 ,元/月
安厦好房 檀溪恒大名都对面小区 两室家具家电齐全 看房方便 檀溪府邸,2室2厅|82平米|5/26层李莉 整租 南北,1700 ,元/月
胜利街静雅苑 精装2室 家电齐全拎包住 1400每月 静雅苑,2室1厅|75平米|6/7层汪亮 整租 南北,1400 ,元/月
山水檀溪明园电梯房 精装1室 家电齐全拎包住 1800每月 山水檀溪明园,1室1厅|50平米|6/9层汪亮 整租 南北,1800 ,元/月
南街一实小附近中间楼层两居室，家具家电齐全，看房方便 民主公寓,2室1厅|60平米|3/6层陈月华 整租 南北,1500 ,元/月
鱼梁洲银杏家园，低楼层，小面积房子 银杏家园,1室1厅|50平米|1/6层张志群 整租 南北,450 ,元/月
恒大对面 精装二室二厅一卫家具家电齐全 月租1500 檀溪府邸,2室2厅|85平米|17/23层杨洁 整租 南北,1500 ,元/月
万山陶瓷厂家属院41中附近大2室家私齐全拎包入住 檀溪路万陶小区,2室2厅|82平米|6/6层胡金凤 整租 南北,650 ,元/月
山水天成2室-2厅-1卫整租 山水天成,2室2厅|92平米|10/23层 整租 朝北,2500 ,元/月
安厦好房 檀溪府 邸两室精装修 楼层好 家具家电齐全 檀溪府邸,2室2厅|83平米|17/24层张曼 整租 南北,1800 ,元/月
恒大名都附近小区精装修 三室二厅一卫家电齐全拎包入住 檀溪府邸,3室2厅|120平米|23/23层方辉 整租 南北,2200 ,元/月
襄城22中四中附近老干局3室保养地干净家具家电全 审计局家属院,3室2厅|140平米|5/7层朱桂芳 整租 南北,2500 ,元/月
安厦好房 檀溪恒大名都对面小区 两室家具家电齐全 看房方便 檀溪府邸,2室2厅|82平米|3/26层李莉 整租 南北,1800 ,元/月
安厦好房 檀溪恒大名都对面小区 两室精装家具家电齐全 檀溪府邸,2室2厅|82平米|19/23层李莉 整租 南北,1800 ,元/月
安厦好房 鼓楼金兰实验小学附近工行家属院 简单家具家电 花园公寓,2室2厅|80平米|4/7层李莉 整租 南北,1700 ,元/月
安厦好房 檀溪恒大名都 两室家具家电齐全 看房方便 恒大名都,1室1厅|40平米|21/32层李莉 整租 南北,1600 ,元/月
山水檀溪明园 1室1厅1卫 山水檀溪明园,1室1厅|42平米|5/9层刘旭女士 整租 朝南,1600 ,元/月
檀溪滨湖路精装修 二室二厅一卫家电齐全拎包入住 檀溪府邸,2室2厅|85平米|16/23层方辉 整租 南北,1800 ,元/月
鼓楼 昭明 一实小对面 家属院 精装两室 鼓楼公寓,2室2厅|95平米|4/6层丁月 整租 南北,1600 ,元/月
暖气房 二桥檀溪明园 电梯精装一室 拎包入住 停车方便 山水檀溪明园,1室1厅|50平米|7/9层丁月 整租 南北,1700 ,元/月
檀溪中路 山水檀溪秀园 电梯房出租 大3室 租办公 靠路边 山水檀溪秀园,3室2厅|110平米|9/18层黄虹玲 整租 南北,1600 ,元/月
安厦 襄城襄轴家属院2室2厅1卫好楼层出租 轴承厂家属区,2室2厅|65平米|2/7层臧升群 整租 南北,900 ,元/月
襄城 36中学育才小区 拎包入住 超市药房菜市场200米 六化建育才小区,2室2厅|80平米|7/7层王海月 整租 南北,1000 ,元/月
景苑1区3室-2厅-2卫合租 景苑1区,3室2厅|138平米|1/8层 合租 朝南,800 ,元/月
业主急租 万山襄轴家属院1室1厅 家私齐全550每月急租 轴承厂家属区,1室1厅|45平米|3/4层秦萍萍 整租 南北,550 ,元/月
安厦优选 襄城胜利街 荟苑 江华小区中间楼层 2室2厅一千二 荟苑小区,2室2厅|72平米|4/6层王春红 整租 南北,1200 ,元/月
檀溪路市政府对面东方小区，一楼可以办公居住 东方社区,2室1厅|83平米|1/12层彭军芳 整租 朝南,1400 ,元/月
襄城胜利街 六化建小区 拎包入住 六化建家属楼,2室2厅|90平米|5/7层吕俊锋 整租 朝南,1200 ,元/月
北街雅斯超市旁三室一厅出租 鼓楼公寓,3室1厅|120平米|2/6层谢虹 整租 南北,1800 ,元/月
东方小区电梯房，家具家电齐全，拎包入住 东方社区,2室2厅|83平米|12/15层彭军芳 整租 朝南,1500 ,元/月
山水檀溪明园电梯房 精装1室 家电齐全1800每月 山水檀溪明园,1室1厅|50平米|6/9层汪亮 整租 南北,1800 ,元/月
鼓楼古董房，两居室，非常简陋，讲究的人不要打扰 鼓楼商场福利路家属院,2室1厅|60平米|3/3层陈月华 整租 南北,400 ,元/月
襄城东门口3楼好房出租，家电家具齐全，东门口建行附近出门公交 油脂小区,2室2厅|66平米|3/7层崔波 整租 朝南,1300 ,元/月
天缘居 3室2厅1卫 主卧 南 暂无小区,3室2厅|25平米|4/7层贾先生 合租 朝南,700 ,元/月
鼓楼公寓 2室1厅1卫 鼓楼公寓,2室1厅|50平米|1/2层金女士 整租 朝南,600 ,元/月
万山轴承厂41中附近 精装修 2室好楼层 拎包入住 轴承厂家属区,2室2厅|65平米|2/7层胡金凤 整租 南北,1000 ,元/月
安厦好房 檀溪府 邸两室精装修 楼层好 家具家电齐全 檀溪府邸,2室2厅|83平米|18/23层张曼 整租 南北,1900 ,元/月
胜利街高架桥附近新36中附近两室一厅3楼 六化建育才小区,2室1厅|80平米|3/7层汤琴 整租 南北,1000 ,元/月
家乐福商圈 38中对面 建安小区 停车方便 拎包入住 建安小区,2室1厅|61平米|3/6层陈红梅 整租 朝南,1300 ,元/月
襄城北街旺铺出租，可转让，利用空间大急租 鼓楼公寓,4室2厅|400平米|1/5层万言 整租 南北,7000 ,元/月
安厦好房 东门口华电寓苑对面鼎盛源 两室家具家电齐全 中房鼎盛源,2室1厅|56平米|3/6层李莉 整租 南北,1500 ,元/月
安厦好房 檀溪恒大名都对面小区 两室家具家电齐全 看房方便 檀溪府邸,2室2厅|85平米|18/26层李莉 整租 南北,1900 ,元/月
阳光花园3室-2厅-2卫整租 阳光花园,3室2厅|111平米|5/7层 整租 朝南,2600 ,元/月
广州市白云区石井中学 2室2厅2卫 暂无小区,2室2厅|25平米|3/8层张姐女士 整租 南北,550 ,元/月
新装修可短租家具家电齐全拎包入住3室2厅湖北文理学院商品房 609研究所,3室2厅|75平米|6/7层陈程 整租 南北,200 ,元/月
陵园路社区1室-1厅-1卫整租 陵园路社区,1室1厅|45平米|5/5层 整租 朝南,1050 ,元/月
檀溪市政府旁电梯房 东方小区 精装2室 家具家电齐停车方便 东方社区,2室2厅|82平米|12/15层张庆锋 整租 南北,1500 ,元/月
家乐福商圈 38中对面 建安小区 停车方便 拎包入住 建安小区,2室1厅|61平米|3/6层陈红梅 整租 朝南,1300 ,元/月
急租急租 铁四院和谐家园精装两室 拎包住 和谐家园,2室1厅|94平米|7/28层李娜 整租 朝南,1400 ,元/月
安厦优选 襄城环城路荟园江华小区中间楼层 2室2厅一千二 荟苑小区,2室2厅|72平米|4/6层王春红 整租 南北,1000 ,元/月
安厦好房襄城 美格丽芬 名人城市 山水檀溪明园 2室2厅1卫 山水檀溪明园,2室2厅|90平米|4/9层王春红 整租 南北,2600 ,元/月
檀溪，府，邸，精装修拎包入住电梯房 安厦好房 檀溪府邸,2室2厅|85平米|18/23层王国荣 整租 南北,1900 ,元/月
"3室2厅2卫1阳台2500元/月超大阳台,周边配套齐全 檀溪府邸",3室2厅|130平米|2/16层刘庆节 整租 朝东,2500 ,元/月
家乐福对面建安小区家具齐全2室通天然气停车40元水电便宜 建安小区,2室2厅|66平米|5/8层胡丽攀 整租 南北,800 ,元/月
鼓楼公寓 1室1厅1卫 鼓楼公寓,1室1厅|35平米|3/4层袁女士 整租 东西,750 ,元/月
襄城区 一桥头老年大学旁闸口居委会家电齐全！拎包入住！ 精信公司生活区,2室1厅|65平米|6/7层窦金芬 整租 南北,900 ,元/月
西门桥职业技术学院家属院一室一厅好房出租 暂无小区,1室1厅|42平米|3/3层刘艳玲 整租 朝南,1500 ,元/月
鼓楼五中附近，一居室，中间楼层，家具家电齐全 昭明台社区,1室1厅|50平米|5/7层陈月华 整租 南北,1200 ,元/月
檀溪万山轴承厂好楼层3室2厅 41中附近 轴承厂家属区,3室2厅|112平米|4/6层钟敏 整租 南北,1000 ,元/月
襄城四中对面，陪读首 选，装修保持好 2室 家具齐拎包入住 生活一区,2室2厅|68平米|3/6层张小琴 整租 南北,2000 ,元/月
安厦好房 沿江大道滨江苑小区 三室精装家具家电齐全 看房方便 滨江苑小区,3室2厅|104平米|5/6层张曼 整租 南北,1800 ,元/月
安厦好房 檀溪恒大名都对面小区 三室家具家电齐全 看房方便 檀溪府邸,3室2厅|120平米|5/26层张曼 整租 南北,2500 ,元/月
安厦优选 襄城环城路荟园江华小区中间楼层 2室2厅一千二 荟苑小区,2室2厅|72平米|4/6层王春红 整租 南北,1000 ,元/月
安厦好房襄城 美格丽芬 名人城市 山水檀溪明园 2室2厅1卫 山水檀溪明园,2室2厅|90平米|4/9层王春红 整租 南北,2600 ,元/月
檀溪，府，邸，精装修拎包入住电梯房 安厦好房 檀溪府邸,2室2厅|85平米|18/23层王国荣 整租 南北,1900 ,元/月
"3室2厅2卫1阳台2500元/月超大阳台,周边配套齐全 檀溪府邸",3室2厅|130平米|2/16层刘庆节 整租 朝东,2500 ,元/月
家乐福对面建安小区家具齐全2室通天然气停车40元水电便宜 建安小区,2室2厅|66平米|5/8层胡丽攀 整租 南北,800 ,元/月
鼓楼公寓 1室1厅1卫 鼓楼公寓,1室1厅|35平米|3/4层袁女士 整租 东西,750 ,元/月
襄城区 一桥头老年大学旁闸口居委会家电齐全！拎包入住！ 精信公司生活区,2室1厅|65平米|6/7层窦金芬 整租 南北,900 ,元/月
西门桥职业技术学院家属院一室一厅好房出租 暂无小区,1室1厅|42平米|3/3层刘艳玲 整租 朝南,1500 ,元/月
鼓楼五中附近，一居室，中间楼层，家具家电齐全 昭明台社区,1室1厅|50平米|5/7层陈月华 整租 南北,1200 ,元/月
檀溪万山轴承厂好楼层3室2厅 41中附近 轴承厂家属区,3室2厅|112平米|4/6层钟敏 整租 南北,1000 ,元/月
襄城四中对面，陪读首 选，装修保持好 2室 家具齐拎包入住 生活一区,2室2厅|68平米|3/6层张小琴 整租 南北,2000 ,元/月
安厦好房 沿江大道滨江苑小区 三室精装家具家电齐全 看房方便 滨江苑小区,3室2厅|104平米|5/6层张曼 整租 南北,1800 ,元/月
安厦好房 檀溪恒大名都对面小区 三室家具家电齐全 看房方便 檀溪府邸,3室2厅|120平米|5/26层张曼 整租 南北,2500 ,元/月
恒大名都 精装二室二厅一卫家具家电齐全 月租2300 恒大名都,2室2厅|90平米|7/26层方辉 整租 南北,2300 ,元/月
恒大名都精装修三室二厅，全新家电齐全，拎包入住 恒大名都,3室2厅|130平米|20/24层万言 整租 南北,2500 ,元/月
安厦好房 檀溪君临山三室精装家具家电齐全 有钥匙看房方便 君临山,3室2厅|120平米|8/15层李莉 整租 南北,2000 ,元/月
安厦好房 胜利街庞公供销社家属院 三室家具家电齐全 看房方便 静雅苑,3室2厅|141平米|5/7层李莉 整租 南北,1600 ,元/月
安厦好房 檀溪路图书馆附近檀溪花园 两室精装家具家电齐全 檀溪花园,2室2厅|65平米|3/7层李莉 整租 南北,1500 ,元/月
六化建36学校后门3 楼一室一厅一厨一卫简装，空调热水器洗衣 暂无小区,1室1厅|55平米|3/5层汤琴 整租 朝南,800 ,元/月
襄阳民发盛特区 2室2厅1卫 暂无小区,2室2厅|91平米|2/32层杨楠 整租 朝南,3000 ,元/月
吉源小区 2室2厅2卫 吉源小区,2室2厅|40平米|2/5层刘旭女士 整租 朝南,800 ,元/月
租檀溪检察院家属院2室精装家具家电齐全，图书馆旁边 山水檀溪明园,2室2厅|88平米|5/7层彭丹 整租 南北,1600 ,元/月
万山小区 1室1厅1卫 暂无小区,1室1厅|40平米|2/4层张先生 整租 朝南,600 ,元/月
二桥头 武商旁精装两室 三楼家具家电齐全 拎包入住 三酒厂家属西院,2室2厅|80平米|4/6层丁月 整租 南北,1200 ,元/月
闸口庞公路23中家属院 精装3室 家具家电齐停车方便 非顶楼 庞公提花织物厂家属院,3室2厅|133平米|6/7层张庆锋 整租 南北,2000 ,元/月
业主急租急急 万山轴承厂2室便宜出租600每月 带部分家私 轴承厂家属区,2室1厅|57平米|5/6层秦萍萍 整租 南北,600 ,元/月
铁路四院中房盛景对面和谐家园，干净清爽，采光好，家具家电齐全 和谐家园,2室2厅|98平米|12/22层李娜 整租 南北,1500 ,元/月
《安厦》优选 襄城东方新区两室两厅 电梯房 精装 家电齐全 东方社区,2室2厅|80平米|12/15层廉敖月 整租 南北,1500 ,元/月
襄城鼓楼4中附近广电家属院精装修拎包入住 审计局家属院,1室1厅|35平米|2/4层曹红艳 整租 南北,1500 ,元/月
檀溪恒大名都1室1厅家具家电齐全 好楼层 看房方便 恒大名都,1室1厅|39平米|11/32层夏萍 整租 南北,1600 ,元/月
东门口鼎盛苑电梯房小三室精装修家具家电可以配 中房鼎盛源,3室1厅|103平米|12/14层李莉 整租 南北,2000 ,元/月
汉丹电器厂2室-1厅-1卫整租 汉丹电器厂,2室1厅|71平米|5/6层 整租 朝南,600 ,元/月
安厦 恒大名都精装一室 家具家电齐全 均价低 恒大名都,1室1厅|39平米|10/32层马思维 整租 南北,1600 ,元/月
山水天成3室-2厅-2卫整租 山水天成,3室2厅|130平米|1/23层 整租 朝南,3500 ,元/月
六化建家属楼 2室2厅1卫 六化建家属楼,2室2厅|90平米|7/7层郑燕 整租 南北,1300 ,元/月
鱼梁洲，锦绣家园 3室1厅1卫 暂无小区,3室1厅|90平米|3/6层王女士 整租 朝南,1100 ,元/月
家乐福商圈 38中对面 建安小区 停车方便 拎包入住 建安小区,2室1厅|61平米|3/6层陈红梅 整租 朝南,1300 ,元/月
西门桥农委家属院三室一厅低楼层好房出租 暂无小区,3室1厅|100平米|1/5层刘艳玲 整租 朝南,1580 ,元/月
檀溪中路学府花园，精装三室拎包入住 学府花园,3室2厅|115平米|6/8层吕亚兰 整租 南北,2200 ,元/月
檀溪 山水天成 江景房 精装修 拎包入住 三室两厅两卫 山水天成,3室2厅|20平米|22/26层路晓平 整租 南北,3000 ,元/月
山水檀溪明园附近 3楼 精装1室家电齐全拎包住1200每月 山水檀溪明园,1室1厅|35平米|3/6层汪亮 整租 南北,1200 ,元/月
六化建建行旁1楼90平小院加盖，1000元一个月简装 六化建家属楼,2室2厅|90平米|1/6层李桂群 整租 南北,1000 ,元/月
安厦出租 鼓楼商场旁联达小区精装房两室两厅家具家电齐全 联达小区,2室2厅|95平米|3/4层陈枝敏 整租 南北,2200 ,元/月
襄城二桥头家属院，成熟小区，出行方便 精配厂住宅小区,2室2厅|100平米|2/6层程有哲 整租 南北,1100 ,元/月
仲宣楼公寓，四中旁边两室一厅独立的厨房和卫生间。月租1300 仲宣楼公寓,2室1厅|50平米|1/5层吴莹 整租 南北,1200 ,元/月
檀溪路檀溪新居小高层电梯房家具家电齐全，拎包入住！ 檀溪新居,3室2厅|125平米|3/11层窦凤英 整租 南北,2000 ,元/月
安厦好房 檀溪恒大名都对面小区三室精装 家具家电齐全看房方便 檀溪府邸,3室2厅|139平米|9/26层张曼 整租 南北,2600 ,元/月
安厦好房 檀溪府 邸两室精装修 楼层好 家具家电齐全 檀溪府邸,2室2厅|83平米|13/23层张曼 整租 南北,1700 ,元/月
檀溪路山水家园旁东方小区3室精装好楼层家具家电齐全 东方社区,3室2厅|110平米|3/6层夏萍 整租 南北,2000 ,元/月
滨江苑小区3室-2厅-2卫整租 滨江苑小区,3室2厅|132平米|1/6层 整租 南北,2600 ,元/月
山水檀溪明园电梯房 精装1室 家电齐全拎包住 1800每月 山水檀溪明园,1室1厅|50平米|6/9层汪亮 整租 南北,1800 ,元/月
庞公提花织物厂家属院 3室2厅1卫 庞公提花织物厂家属院,3室2厅|136平米|3/7层张女士 整租 南北,2200 ,元/月
鼓楼财局家属院 中间楼层 拎包入住 停车方便 民安公寓,2室2厅|85平米|1/7层黄虹玲 整租 南北,1700 ,元/月
出租檀溪检察院家属院2室有家具家电！ 盛景名门,2室2厅|88平米|5/6层彭丹 整租 南北,1600 ,元/月
业主急租 万山轴承厂家属院87平2室 1000每月急急急 轴承厂家属区,2室2厅|87平米|3/6层秦萍萍 整租 南北,1000 ,元/月
精装大二室二厅 铁路四院和谐家园 直接入住 停车方便 和谐家园,2室2厅|100平米|23/28层朱森 整租 南北,1100 ,元/月
安厦好房 檀溪君临山三室精装家具家电齐全 有钥匙看房方便 君临山,3室2厅|120平米|8/15层李莉 整租 南北,2000 ,元/月
慧苑2室-2厅-1卫整租 慧苑新区,2室2厅|78平米|4/7层 整租 朝南,1500 ,元/月
东城怡景精装修一室好房出租. 东城逸景,1室1厅|35平米|19/24层于勤琴 整租 南北,1500 ,元/月
襄城春天1600元/月99平米2室2厅1卫1阳台精装，看房方 襄城春天,2室2厅|99平米|5/7层窦凤英 整租 南北,1600 ,元/月
檀溪恒大名都1室1厅家具家电齐全 有钥匙看房方便 恒大名都,1室1厅|39平米|10/32层夏萍 整租 朝南,1600 ,元/月
安厦好房 檀溪中路东方小区旁边襄南家属院 两室家具家电齐全 东方社区,2室2厅|105平米|3/8层李莉 整租 南北,1500 ,元/月
安厦好房 檀溪恒大名都对面小区 两室家具家电齐全 看房方便 檀溪府邸,2室2厅|85平米|16/23层李莉 整租 南北,1700 ,元/月
襄阳市教育局 1室1厅1卫 暂无小区,1室1厅|55平米|2/3层徐老师先生 整租 南北,800 ,元/月
胜利街高架桥前面36中学校门口 六化建家属楼,1室1厅|52平米|4/4层汤琴 整租 南北,600 ,元/月
檀溪路广电恒大对面电梯房，120平方，1600元/月价位实惠 檀溪府邸,3室2厅|120平米|6/26层彭军芳 整租 朝南,1600 ,元/月
山水檀溪山水家园3室-2厅-2卫整租 山水檀溪山水家园,3室2厅|145平米|4/4层 整租 南北,1800 ,元/月
鼓楼 昭明 一实小对面 精装两室 昭明台社区,2室2厅|95平米|4/6层丁月 整租 南北,1600 ,元/月
襄城四中义教部一房一厅全新装修没住过陪读好去处只要1500元 四中小学家属院,1室1厅|30平米|2/5层甘雪峰 整租 朝南,1500 ,元/月
业主急租 万山轴承厂家属院80平2室 1200每月急急急 轴承厂家属区,2室2厅|80平米|4/7层秦萍萍 整租 南北,1200 ,元/月
安厦好房 檀溪中路水园对面金园小区 大两室家具家电齐全 金园小区,2室2厅|102平米|2/7层李莉 整租 南北,1800 ,元/月
荆州街一区 3室1厅1卫 暂无小区,3室1厅|90平米|2/6层袁女士 整租 南北,1800 ,元/月
安厦优选 襄城 东门口 北京公馆附近 王家洼1室1厅400元 北京公馆,1室1厅|40平米|1/3层王春红 整租 朝南,350 ,元/月
山水檀溪秀园 2室2厅1卫 山水檀溪秀园,2室2厅|85平米|8/15层韩岚女士 整租 朝南,2000 ,元/月
选择小区2室-2厅-1卫整租 骧龙国际,2室2厅|93平米|1/21层 整租 南北,500 ,元/月
襄城区 在水一方小区好楼层 4楼 三室两厅出租！ 在水一方,3室2厅|108平米|4/7层窦金芬 整租 南北,1700 ,元/月
四中冯家巷单间陪读 精装修，家电家具齐全四中隔壁单位 四中小学家属院,1室1厅|30平米|2/6层崔贵波 整租 朝南,1400 ,元/月
襄城十字街中心医院附近四中校区房精装1室一卫出租看房方便 陈候小区,1室1厅|45平米|2/4层潘宗奎 整租 南北,1000 ,元/月
恒大名都，三室大房，采光好，小区环境好，适合办公和居住。 恒大名都,3室2厅|120平米|4/23层杨洁 整租 南北,2300 ,元/月
襄城区卧龙镇 3室1厅2卫 暂无小区,3室1厅|460平米|1/1层朱老师先生 整租 南北,2506 ,元/月
业主急租急急 万山轴承厂2室便宜出租带部分家私 轴承厂家属区,2室1厅|57平米|6/6层胡金凤 整租 南北,600 ,元/月
安厦好房 檀溪恒大名都对面小区 三室简单家具 看房方便 檀溪府邸,3室2厅|120平米|5/26层张曼 整租 南北,2200 ,元/月
浩然居 2室1厅1卫 暂无小区,2室1厅|84平米|15/18层王秀华女士 整租 南北,1700 ,元/月
襄阳市印染厂路南3号楼 2室1厅1卫 暂无小区,2室1厅|50平米|4/5层李春林女士 整租 南北,500 ,元/月
金园小区2室-2厅-1卫整租 金园小区,2室2厅|106平米|2/8层 整租 朝南,1700 ,元/月
檀溪中路 山水檀溪秀园 大3室 电梯房出租 租办公 可打广告 山水檀溪秀园,3室2厅|110平米|8/18层黄虹玲 整租 南北,1600 ,元/月
西门桥建行家属院 中间楼层 拎包入住 精装修 昭明台社区,2室2厅|82平米|3/7层黄虹玲 整租 南北,1800 ,元/月
离鼓楼一站路程两室两厅一卫拎包入住1500 襄城春天,2室2厅|85平米|2/6层李贵花 整租 南北,1500 ,元/月
西街西门桥附近 精装修两室 拎包入住 环境好 停车方便 利民小区,2室2厅|80平米|2/6层周冲 整租 朝南,1800 ,元/月
襄城东门口气象局附近红旗小区70平米中间楼二室简装1200元 红旗小区,2室1厅|70平米|3/8层孙世秀 整租 南北,1200 ,元/月
西门桥农校家属院一居室出租 襄城春天,1室1厅|50平米|3/6层谢虹 整租 南北,1500 ,元/月
爱尚居 城南经典5楼2室2厅，精装家具家电齐全。2000元。 华康城南经典,2室2厅|98平米|5/6层李桂群 整租 南北,2000 ,元/月
鱼梁洲锦绣家园，3室2厅，家具家电齐全 锦绣家园,3室2厅|93平米|3/6层张志群 整租 南北,1400 ,元/月
2楼！襄城昭明旁鼓楼商圈地段单位精装两房 建行檀溪支行家属院,2室2厅|72平米|1/6层张超 整租 南北,1800 ,元/月
檀溪路山水家园，新建高档小区，精装，可拎包入住 山水檀溪山水家园,3室2厅|111平米|21/22层程有哲 整租 南北,2500 ,元/月
"鱼梁洲鹿鸣岛花园3室2厅2卫,全套家具家电 鹿鸣岛花园春风苑",3室2厅|135平米|2/6层王红梅 整租 南北,1200 ,元/月
鱼梁洲锦绣花园两室两厅，精装修，家具家电齐。 锦绣家园,2室2厅|100平米|3/6层王红梅 整租 南北,1000 ,元/月
万山轴承厂1室好楼层41中附近业主急租500元 轴承厂家属区,1室1厅|45平米|2/4层胡金凤 整租 南北,500 ,元/月
襄城北街经信委家属院精装修拎包入住2室75平1900/月 北门公寓,2室2厅|75平米|5/5层金云 整租 南北,1900 ,元/月
安厦好房 檀溪府 邸两室精装修 楼层好 家具家电齐全 檀溪府邸,2室2厅|83平米|16/25层张曼 整租 南北,1700 ,元/月
元嘉房产襄城四中小学家属院精装拎包住 四中小学家属院,1室1厅|30平米|2/6层张白云 整租 南北,1500 ,元/月
襄城区北街正街旺铺出租转让，接手即可经营 北门公寓,5室3厅|4000平米|1/6层万言 整租 南北,7000 ,元/月
鱼梁洲锦绣家园2室-2厅-1卫整租 锦绣家园,2室2厅|104平米|6/6层 整租 东南,1000 ,元/月
安厦好房 檀溪恒大名都对面小区 两室家具家电齐全 看房方便 檀溪府邸,2室2厅|82平米|17/23层李莉 整租 南北,1600 ,元/月
檀溪轴承厂家属院一室一厅独立卫生间+天燃气41中附近 轴承厂家属区,1室1厅|40平米|2/4层钟敏 整租 南北,400 ,元/月
檀溪公馆旁万山轴承厂对面万陶小区精装2室2厅 拎包入住 檀溪路万陶小区,2室2厅|80平米|3/7层钟敏 整租 南北,1000 ,元/月
六化建家属院，一室一厅，价格实惠 六化建家属楼,1室1厅|42平米|3/4层王秀莲 整租 南北,350 ,元/月
襄城北京公馆 门面出租 北京公馆,3室2厅|120平米|1/2层吴杰 整租 朝南,8000 ,元/月
鱼梁洲锦绣家园 小三室两厅出租 我们店有钥匙 锦绣家园,3室2厅|100平米|3/6层王继进 整租 朝南,1200 ,元/月
安厦好房 檀溪恒大名都对面小区 两室精装家具家电齐全看房方便 檀溪府邸,2室2厅|85平米|5/25层李莉 整租 南北,1800 ,元/月
张公祠森林公园张公祠路30号2室-1厅-2卫合租 岘山小区,2室1厅|105平米|1/1层 合租 南北,400 ,元/月
檀溪*2室-2厅-1卫整租 檀溪府邸,2室2厅|83平米|3/21层 整租 朝南,1800 ,元/月
安厦好房 檀溪中路水园对面金园小区 大两室家具家电齐全 金园小区,2室2厅|102平米|2/7层李莉 整租 南北,1800 ,元/月
檀溪府 邸精装两室一厅，周围有恒大名都小学 檀溪府邸,2室2厅|85平米|25/26层柴金燕 整租 南北,1600 ,元/月
恒大名都精装两室，拎包入住 恒大名都,2室2厅|91平米|23/32层柴金燕 整租 南北,2300 ,元/月
襄城西门桥 卫校家属院 2室 拎包入住 中房泰鑫公寓,2室2厅|76平米|7/7层刘亮 整租 南北,1500 ,元/月
西门桥附近 财局家属院 2室 拎包入住 暂无小区,2室2厅|97平米|8/8层刘亮 整租 南北,1100 ,元/月
檀溪万山轴承厂对面陶瓷厂家属院2室2厅41中附近 暂无小区,2室2厅|82平米|6/7层钟敏 整租 南北,600 ,元/月
安厦好房 名仕家天下精装3室，家具家电齐全，送免费停车位 名仕家天下,3室2厅|123平米|12/18层邵华月 整租 朝南,2200 ,元/月
怡和苑3室-2厅-2卫整租 怡和苑,3室2厅|134平米|3/7层 整租 南北,2500 ,元/月
襄城北京公馆 门面出租 北京公馆,3室2厅|120平米|1/2层吴杰 整租 朝南,8000 ,元/月
鱼梁洲锦绣家园 小三室两厅出租 我们店有钥匙 锦绣家园,3室2厅|100平米|3/6层王继进 整租 朝南,1200 ,元/月
安厦好房 檀溪恒大名都对面小区 两室精装家具家电齐全看房方便 檀溪府邸,2室2厅|85平米|5/25层李莉 整租 南北,1800 ,元/月
张公祠森林公园张公祠路30号2室-1厅-2卫合租 岘山小区,2室1厅|105平米|1/1层 合租 南北,400 ,元/月
檀溪*2室-2厅-1卫整租 檀溪府邸,2室2厅|83平米|3/21层 整租 朝南,1800 ,元/月
安厦好房 檀溪中路水园对面金园小区 大两室家具家电齐全 金园小区,2室2厅|102平米|2/7层李莉 整租 南北,1800 ,元/月
檀溪府 邸精装两室一厅，周围有恒大名都小学 檀溪府邸,2室2厅|85平米|25/26层柴金燕 整租 南北,1600 ,元/月
恒大名都精装两室，拎包入住 恒大名都,2室2厅|91平米|23/32层柴金燕 整租 南北,2300 ,元/月
襄城西门桥 卫校家属院 2室 拎包入住 中房泰鑫公寓,2室2厅|76平米|7/7层刘亮 整租 南北,1500 ,元/月
西门桥附近 财局家属院 2室 拎包入住 暂无小区,2室2厅|97平米|8/8层刘亮 整租 南北,1100 ,元/月
檀溪万山轴承厂对面陶瓷厂家属院2室2厅41中附近 暂无小区,2室2厅|82平米|6/7层钟敏 整租 南北,600 ,元/月
安厦好房 名仕家天下精装3室，家具家电齐全，送免费停车位 名仕家天下,3室2厅|123平米|12/18层邵华月 整租 朝南,2200 ,元/月
怡和苑3室-2厅-2卫整租 怡和苑,3室2厅|134平米|3/7层 整租 南北,2500 ,元/月
安厦好房 檀溪东方小区电梯房 两室精装家具家电齐全 看房方便 东方社区,2室2厅|86平米|14/15层李莉 整租 南北,1700 ,元/月
安厦好房 东门口华电对面鼎盛苑 两室家具家电齐全 看房方便 中房鼎盛源,2室2厅|65平米|4/6层李莉 整租 南北,1300 ,元/月
安厦好房 东门口河畔林语对面庞公春晓 两室精装家具家电齐全 庞公春晓,2室2厅|95平米|9/15层李莉 整租 南北,1700 ,元/月
东门口鼎盛苑电梯房小三室精装修家具家电可以配 中房鼎盛源,3室1厅|103平米|12/14层李莉 整租 南北,2000 ,元/月
六化建育才小区 2室2厅1卫 六化建育才小区,2室2厅|79.6平米|7/7层王生先生 整租 南北,1000 ,元/月
鼓楼财局家属院 拎包入住 中间楼层 停车方便 民安公寓,2室2厅|85平米|1/7层黄虹玲 整租 南北,1700 ,元/月
西门桥建行家属院 中间楼层 精装修 拎包入住 昭明台社区,2室2厅|82平米|3/7层黄虹玲 整租 南北,1800 ,元/月
业主急租 万山轴承厂家属院63平2室 700每月急急急急 轴承厂家属区,2室2厅|63平米|2/6层秦萍萍 整租 南北,700 ,元/月
隆馨家园3室-2厅-2卫整租 隆馨家园,3室2厅|98平米|5/7层 整租 朝南,1500 ,元/月
襄城鼓楼荆州街 北街单位院 精装2室 家具家电齐全 四中陪读 景苑1区,2室2厅|70平米|5/5层张小琴 整租 南北,2000 ,元/月
滨湖路小区二室二厅一卫精装修家具家电齐全拎包入住月租1700 檀溪府邸,2室2厅|85平米|10/23层杨洁 整租 南北,1700 ,元/月
恒大名都 精装二室二厅一卫家具家电齐全 月租2200 恒大名都,2室2厅|83平米|21/32层杨洁 整租 南北,2200 ,元/月
龙安小区 1室1厅1卫 龙安小区,1室1厅|41平米|5/6层刘旭女士 整租 朝南,1000 ,元/月
福满园1室-1厅-1卫整租 福满园,1室1厅|45平米|3/7层 整租 朝南,700 ,元/月
审计局家属院 1室1厅1卫 审计局家属院,1室1厅|42平米|2/2层刘旭女士 整租 朝南,1300 ,元/月
业主急租 襄轴花园2室 好楼层家私齐全 随时看房 轴承厂家属区,2室2厅|86平米|3/6层胡金凤 整租 南北,800 ,元/月
家乐福商圈 38中对面 建安小区 停车方便 拎包入住 建安小区,2室1厅|61平米|3/6层陈红梅 整租 朝南,1300 ,元/月
安厦好房 檀溪中路水园对面金园小区 大两室家具家电齐全 金园小区,2室2厅|102平米|2/7层李莉 整租 南北,1800 ,元/月
檀溪路 檀溪新居 3室 好房出租 电梯房 檀溪新居,3室2厅|137平米|3/14层黄虹玲 整租 南北,2000 ,元/月
仟和惠景 4中附近 大3室 精装修 拎包入住 仟和惠景,3室2厅|120平米|3/6层黄虹玲 整租 南北,1500 ,元/月
襄城运动路四中 四中义教部 22中 冯家巷单位家属院精装房 四中小学家属院,1室1厅|30平米|2/6层周芳 整租 南北,1300 ,元/月
好房出租 南湖二汽管委会二楼 临街可做培训公司 教育机构 暂无小区,2室2厅|99平米|2/8层魏帆 整租 东西,2000 ,元/月
鼓楼金兰首饰后面工行家属院2楼简装上学出行方便 实验小区旁 暂无小区,2室2厅|96平米|2/6层魏帆 整租 南北,1800 ,元/月
盛景名门2室-2厅-1卫整租 盛景名门,2室2厅|80平米|5/5层 整租 朝南,1800 ,元/月
鹿鸣岛花园夏雨苑2室-1厅-1卫整租 鹿鸣岛花园夏雨苑,2室1厅|89平米|3/6层 整租 南北,1000 ,元/月
檀溪花园2室-2厅-1卫整租 檀溪花园,2室2厅|70平米|6/8层 整租 南北,1200 ,元/月
海容骧龙国际(公寓)2室-2厅-1卫整租 海容骧龙国际(公寓),2室2厅|91平米|1/32层 整租 东南,2500 ,元/月
福隆苑小区 3室2厅1卫 福隆苑小区,3室2厅|114平米|3/6层聂女士 整租 南北,1800 ,元/月
鼓楼商场福利路家属院3室-2厅-1卫整租 鼓楼商场福利路家属院,3室2厅|137平米|3/7层 整租 朝南,2200 ,元/月
鼓楼仁义巷人行家属院2室-1厅-1卫整租 襄城庭院,2室1厅|80平米|6/6层 整租 南北,1500 ,元/月
襄城区 在水一方隔壁丝织厂家属院 70平方两室2楼出租！ 暂无小区,2室2厅|70平米|2/6层窦金芬 整租 南北,1000 ,元/月
鼓楼公寓2室-1厅-1卫整租 鼓楼公寓,2室1厅|65平米|3/4层 整租 朝南,1400 ,元/月
急租急租 铁四院和谐家园精装两室 拎包住 和谐家园,2室1厅|94平米|7/28层杨正群 整租 朝南,1400 ,元/月
西门桥农委家属院低楼层停车方便 襄城春天,3室1厅|100平米|1/7层陈月华 整租 南北,1500 ,元/月
灯具厂家属院 2室1厅1卫 暂无小区,2室1厅|55平米|3/5层老裴女士 整租 朝南,800 ,元/月
安厦好房 檀溪恒大名都对面小区电梯房 简单家具家电 看房方便 檀溪府邸,2室2厅|83平米|16/23层李莉 整租 南北,1600 ,元/月
安厦好房 沿江大道滨江苑小区 三室精装家具家电齐全 看房方便 滨江苑小区,3室2厅|104平米|5/6层李莉 整租 南北,1800 ,元/月
安厦好房 檀溪恒大名都对面小区 两室精装简单家具家电 檀溪府邸,2室2厅|82平米|20/26层李莉 整租 南北,1500 ,元/月
安厦好房 檀溪恒大名都对面小区 三室简单家具 看房方便 檀溪府邸,3室2厅|120平米|5/26层李莉 整租 南北,2200 ,元/月
胜利街电视机厂家属院3楼两室一厅一卫简单装修 落轿小区,2室1厅|65平米|3/5层汤琴 整租 南北,1000 ,元/月
西门桥建行家属院 精装修 中间楼层 拎包入住 昭明台社区,2室2厅|82平米|3/7层黄虹玲 整租 南北,1800 ,元/月
民发世界城旁一克拉精装修家具齐全拎包入住 暂无小区,1室1厅|30平米|8/21层刘改华 整租 朝南,1200 ,元/月
檀溪 东方小区电梯房 精装两室 拎包入住 好停车 东方社区,2室2厅|85平米|8/15层丁月 整租 南北,1500 ,元/月
檀溪路三桥旁名仕家天下 精装修，两室，室内适合办公 名仕家天下,2室2厅|97平米|8/15层伍士强 整租 南北,2000 ,元/月
业主急租 万山襄轴家属院1室1厅 急租400每月 随时看房 轴承厂家属区,1室1厅|43平米|3/6层秦萍萍 整租 南北,400 ,元/月
家乐福商圈38中对面建安小区停车方便拎包入住 建安小区,2室1厅|61平米|3/6层陈红梅 整租 朝南,1300 ,元/月
大庆东路与红光路交汇处十九中 2室1厅1卫 暂无小区,2室1厅|70平米|4/6层孙女士 整租 朝南,850 ,元/月
襄城七中家属院四室中装家电家具齐全拎包入住 吉源小区,4室2厅|176平米|2/7层丁杰 整租 南北,3000 ,元/月
湖北机动通信局家属院2室-1厅-1卫整租 湖北机动通信局家属院,2室1厅|76平米|1/1层 整租 南北,750 ,元/月
张公祠森林公园张公祠路30号2室-1厅-2卫整租 岘山小区,3室1厅|105平米|1/1层 整租 南北,1200 ,元/月
襄城唐城附近粮库家属院两室三楼 暂无小区,2室1厅|65平米|3/6层王风 整租 南北,700 ,元/月
二桥头附近，家具家电齐全，拎包入住，光线好 怡虹公寓,2室1厅|75平米|2/7层彭军芳 整租 朝南,1400 ,元/月
中心医院 1室0厅1卫 暂无小区,1室0厅|25平米|4/4层袁女士 整租 东西,800 ,元/月
檀溪府 邸精装两室，家具家电齐全，拎包入住 檀溪府邸,2室2厅|85平米|25/26层吕亚兰 整租 南北,1600 ,元/月
安厦好房 东门楼梧桐湾对面的23中家属院大三室家具家电齐全 冠通梧桐湾,3室2厅|136平米|3/7层张曼 整租 南北,2200 ,元/月
单位大院，可免费停车无物业费，低成本入住，襄城檀溪物价局 暂无小区,3室2厅|90平米|1/7层程双燕 整租 南北,1200 ,元/月
北街1室诚心出租 33中陪读 昭明台社区,1室1厅|30平米|3/4层黄虹玲 整租 朝南,500 ,元/月
襄轴二路 檀溪万山轴承厂2室2厅 有宽带拎包入住 轴承厂家属区,2室2厅|87平米|6/7层钟敏 整租 南北,1000 ,元/月
西门桥102家属院好房出租，位置好，家具家电齐全，采光好 丽波湾,2室2厅|85平米|7/8层盛光燕 整租 南北,900 ,元/月
安厦好房 檀溪中路东方小区 两室家具家电齐全 看房方便 东方社区,2室2厅|85平米|14/15层李莉 整租 南北,1700 ,元/月
安厦好房 东门口华电寓苑附近雪美小区 两室精装看房方便 雪美小区,2室2厅|65平米|5/8层李莉 整租 南北,1500 ,元/月
万山轴承厂2室1厅 41中附近 天燃气+热水器 轴承厂家属区,2室1厅|68平米|4/4层钟敏 整租 南北,600 ,元/月
二桥头 檀溪武商附近 精装两室 家具家电齐全 拎包入住 三酒厂家属西院,2室2厅|80平米|4/6层丁月 整租 南北,1200 ,元/月
二桥头卫校家属院三室1500一月 中房泰鑫公寓,3室1厅|93平米|1/6层李贵花 整租 南北,1500 ,元/月
一建公司家属院2室-1厅-1卫合租 一建公司家属院,2室1厅|85平米|2/8层 合租 南北,800 ,元/月
怡和苑 2室2厅1卫 怡和苑,2室2厅|85平米|5/7层刘旭女士 整租 朝南,1800 ,元/月
骧龙国际对面金色营盘2室-2厅-1卫整租 骧龙国际,2室2厅|93平米|1/21层 整租 南北,800 ,元/月
华凯丽江泊林2室-2厅-1卫整租 华凯丽江泊林,2室2厅|75平米|8/8层 整租 南北,1800 ,元/月
东方雅园 1室1厅1卫 东方雅园,1室1厅|65平米|3/6层付女士 整租 东西,850 ,元/月
安嘉 襄城东门口电梯房 闸口丽江泊林精装2居室 拎包入住 华凯丽江泊林,2室2厅|96平米|7/8层刘家旭 整租 朝南,2000 ,元/月
鼓楼襄城庭院2室-1厅-1卫整租 鼓楼公寓,2室1厅|80平米|6/6层 整租 南北,1500 ,元/月
红心家园2室-2厅-1卫整租 红心家园,2室2厅|95平米|5/7层 整租 南北,1600 ,元/月
襄城.庞公.常青路.单位小区房两室出租.安全.干净卫生 隆馨家园,2室2厅|108平米|4/8层张涛 整租 南北,1400 ,元/月
鼓楼昭明派出所附近小两室出租 昭明台社区,2室1厅|50平米|3/3层刘艳玲 整租 朝西,300 ,元/月
六化建怡安小区，二室二厅，六楼，精装修，直接入住 六化建家属楼,2室2厅|80平米|6/7层王秀莲 整租 南北,1300 ,元/月
鼓楼 南街 民主路1室1厅出租 900元一月 暂无小区,1室1厅|50平米|4/5层路晓平 整租 南北,900 ,元/月
2楼！襄城昭明小学旁鼓楼商圈地段单位精装两房 建行檀溪支行家属院,2室2厅|72平米|2/6层易婷婷 整租 南北,1800 ,元/月
家乐福对面建安小区电梯房精装一室一厅，月租1400拎包入住 建安小区,1室1厅|50平米|18/21层王双 整租 南北,1400 ,元/月
檀溪新居 可租办公 电梯房 诚心出租 檀溪新居,3室2厅|130平米|8/13层黄虹玲 整租 南北,1800 ,元/月
万山轴承厂41中附近2室 家私齐全 拎包入住 业主急租 轴承厂家属区,2室2厅|67平米|5/7层胡金凤 整租 南北,900 ,元/月
万山宏伟厂 精装大3室 41中旁 家私齐全 拎包入住业主急租 宏伟小区,3室1厅|100平米|3/4层胡金凤 整租 南北,1300 ,元/月
襄城武商附近 四中陪读房，一室精装1500元 金榜公寓,1室1厅|30平米|1/5层张小琴 整租 南北,1500 ,元/月
北街小北门一楼仓库，地理位置好，配套成熟。 昭明台社区,2室2厅|60平米|1/6层王飞 整租 南北,1800 ,元/月
恒大名都，三室大房，采光好，小区环境好，适合办公和居住。 恒大名都,3室2厅|2300平米|4/32层方辉 整租 南北,2300 ,元/月
安厦好房 檀溪恒大名都对面小区三室精装 家具家电齐全看房方便 檀溪府邸,3室2厅|139平米|9/26层李莉 整租 南北,2600 ,元/月
万山轴承厂1室1厅 天燃气+热水器 中层41中附近 轴承厂家属区,1室1厅|50平米|5/7层钟敏 整租 南北,600 ,元/月
檀溪学府花园精装三室，拎包入住 学府花园,3室2厅|115平米|6/8层柴金燕 整租 南北,2200 ,元/月
出租房胜利街高架桥旁边静雅苑7 楼三室中装拎包入住停车方便 暂无小区,3室2厅|110平米|7/7层汤琴 整租 朝南,1500 ,元/月
檀溪府 邸两室精装，拎包入住，周围有恒大小学 檀溪府邸,2室2厅|85平米|16/25层吕亚兰 整租 南北,1800 ,元/月
家乐福对面建安小区电梯房精装一室一厅，月租1400拎包入住 建安小区,1室1厅|50平米|19/21层黄珊珊 整租 南北,1400 ,元/月
业主急租 万山轴承厂家属院65平2室 家私齐全看房方便 轴承厂家属区,2室2厅|65平米|6/6层秦萍萍 整租 南北,700 ,元/月
大庆路与丹江路交汇处三中附近 2室1厅1卫 暂无小区,2室1厅|80平米|1/7层孙女士 整租 朝南,1000 ,元/月
安厦 檀溪路恒大名都一期前面檀溪还建房 两室精装电梯拎包入住 檀溪府邸,2室2厅|85平米|19/23层姜碧桃 整租 东南,1800 ,元/月
东方社区2室-1厅-1卫整租 东方社区,2室1厅|83平米|6/11层 整租 南北,1450 ,元/月
鼓楼公寓1室-1厅-1卫整租 鼓楼公寓,1室1厅|40平米|3/6层 整租 朝南,500 ,元/月
襄城东门口气象局附近鼎盛园二室1100元四楼，随时看房 中房鼎盛源,2室1厅|65平米|4/6层孙世秀 整租 朝南,1100 ,元/月
四中小学家属院 1室1厅1卫 四中小学家属院,1室1厅|35平米|1/5层袁女士 整租 南北,1500 ,元/月
恒大名都158平毛坯可随意装修，可办公 恒大名都,4室2厅|158平米|1/26层柴金燕 整租 南北,3500 ,元/月
三十三中对面，一居室，价位合理，出行方便 鼓楼商场福利路家属院,1室1厅|48平米|4/4层陈月华 整租 南北,800 ,元/月
北街紧邻昭明台附近，一居室，家具家电齐全，看房方便 鼓楼公寓,1室1厅|48平米|4/4层陈月华 整租 南北,1200 ,元/月
六化建，一室一厅，出行便利 六化建家属楼,1室1厅|45平米|2/5层王秀莲 整租 南北,550 ,元/月
鱼梁洲附近 锦绣家园。大两房，配套齐全，有要求可以面谈 锦绣家园,2室2厅|89平米|6/7层闫帅 整租 南北,1000 ,元/月
襄城 鼓楼附近 昭明台小学 西街建行家属院 低层精装大两房 暂无小区,2室1厅|73平米|2/6层闫帅 整租 南北,1800 ,元/月
鱼梁洲银杏家园，精装1室1厅，家具家电齐全，直接拎包入住。 银杏家园,1室1厅|68平米|6/6层王红梅 整租 南北,700 ,元/月
胜利街36中半山逸品山水文景静雅苑2室精装拎包入住非常干净 静雅苑,3室2厅|110平米|5/5层吴莹 整租 南北,1000 ,元/月
檀溪万山轴承厂精装2室二楼 拎包入住 41中附近 轴承厂家属区,2室2厅|65平米|2/7层钟敏 整租 南北,1000 ,元/月
胜利街建行后面育才小区6楼。精装，两室一厅一卫 六化建育才小区,2室2厅|80平米|6/7层汤琴 整租 南北,1200 ,元/月
安厦好房 檀溪山水檀园 两室精装家具家电齐全 看房方便 山水檀溪檀园,2室2厅|80平米|15/15层李莉 整租 南北,2500 ,元/月
安厦好房 檀溪恒大名都对面小区 两室家具家电齐全 看房方便 檀溪府邸,2室2厅|82平米|17/26层李莉 整租 南北,1800 ,元/月
安厦好房 东方小区两室简单家具 电梯房小区环境好 看房方便 东方社区,2室2厅|85平米|2/11层李莉 整租 南北,1350 ,元/月
胜利街六化建菜场对面一室一厅一卫简装空调太阳能沙发床 六化建家属楼,1室1厅|46平米|3/3层汤琴 整租 南北,500 ,元/月
檀溪复聪路 二桥附近 中装三室 拎包入住 好停车 华晨公寓,3室2厅|90平米|4/6层丁月 整租 南北,1500 ,元/月
荆州街小学 市政府生活区 四中附近 3楼 好停车 拎包入住 景苑1区,2室2厅|95平米|3/6层丁月 整租 南北,1900 ,元/月
鼓楼一实小步行五分 精装两室 家具家电全新 昭明台社区,2室2厅|80平米|4/6层丁月 整租 南北,1800 ,元/月
檀溪二桥头 明园 精装标准1室 家具家电齐中央空调 山水檀溪明园,1室1厅|68平米|7/9层张庆锋 整租 南北,1700 ,元/月
安厦 檀溪路恒大名都前面檀溪还建房 两室电梯精装拎包入住 檀溪府邸,2室2厅|85平米|23/26层姜碧桃 整租 南北,1700 ,元/月
二桥头新武商对面+巴黎岛后面+小襄轴家属院 盛景名门,1室1厅|60平米|5/7层黄虹玲 整租 南北,1100 ,元/月
安厦好房 鼓楼联达小区一楼商铺60平有独立的卫生间通有天然气 联达小区,1室2厅|60平米|1/6层侯正清 整租 朝东,3000 ,元/月
襄城胜利街电梯房浩然居精装修 向阳小区,2室2厅|90平米|6/18层曹红艳 整租 西北,2000 ,元/月
檀溪二桥头武商旁 单位院中装2室 家具家电齐停车方便 三酒厂家属西院,2室2厅|90平米|3/7层张庆锋 整租 南北,1200 ,元/月
鼓楼十字街南街红花园实验小学昭明小学四中附近2室出租新装修 红心家园,2室2厅|90平米|1/6层吴莹 整租 南北,1800 ,元/月
华凯丽江泊林1室-1厅-1卫整租 华凯丽江泊林,1室1厅|45平米|13/19层 整租 朝南,650 ,元/月
爱尚居 加州丽景5楼3室2厅2卫，简装1600元。 加州丽景,3室2厅|139平米|5/7层李桂群 整租 南北,1600 ,元/月
六化建办公大楼旁2楼1室1厅1卫1厨，700元一个月。 六化建家属楼,1室1厅|50平米|2/6层李桂群 整租 南北,700 ,元/月
"鱼梁洲鹿鸣岛别墅区 4室两厅两卫,带空中花园有车库车位和菜园 鹿鸣岛花园春风苑",4室2厅|180平米|2/4层王红梅 整租 南北,2500 ,元/月
二桥头附近单位院，家具家电齐全，拎包入住 精配厂住宅小区,2室1厅|90平米|3/6层彭军芳 整租 朝南,1000 ,元/月
安厦好房 檀溪新居两室精装修 楼层好 家具家电齐全 檀溪新居,2室2厅|85平米|7/15层张曼 整租 南北,1200 ,元/月
安厦好房 胜利街庞公供销社家属院 三室家具家电齐全 看房方便 静雅苑,3室2厅|141平米|5/7层张曼 整租 南北,1600 ,元/月
恒大名都 精装二室二厅一卫家具家电齐全拎包入住 月租2200 恒大名都,2室2厅|83平米|21/32层方辉 整租 南北,2200 ,元/月
万山轴承厂家属院精装2室 家私齐全 有钥匙随时看房 轴承厂家属区,2室1厅|50平米|6/6层秦萍萍 整租 南北,850 ,元/月
安厦好房 檀溪恒大名都对面小区 两室家具家电齐全 看房方便 檀溪府邸,2室2厅|82平米|5/26层李莉 整租 南北,1700 ,元/月
安厦好房 檀溪新居两室简单家具 电梯房小区环境好 看房方便 檀溪新居,2室2厅|86平米|6/10层李莉 整租 南北,1800 ,元/月
六化建育才小区 2室2厅1卫 六化建育才小区,2室2厅|80平米|7/7层王生先生 整租 南北,1000 ,元/月
安厦好房出租 位于檀溪路附近的芙蓉园 精装3室 山水檀溪芙蓉园,3室2厅|98平米|2/11层曹梅琴 整租 南北,2800 ,元/月
二桥头 一室一厅 房子干净整洁 购物方便 华晨公寓,1室1厅|35平米|3/5层丁月 整租 南北,650 ,元/月
恒大名都一期 精装2室 全新家具家电齐全 看房方便 恒大名都,2室2厅|83平米|4/21层张庆锋 整租 南北,2600 ,元/月
业主急租 万山轴承厂家属院61平2室 600每月家私齐全 轴承厂家属区,2室2厅|61平米|5/6层秦萍萍 整租 南北,600 ,元/月
家乐福商圈 38中对面 电梯房 精装修 1室1厅 拎包入住 建安小区,1室1厅|57平米|10/20层陈红梅 整租 朝南,1400 ,元/月
安厦 檀溪路万山轴承厂单位房 两室中装 拎包入住 黄晶2楼 轴承厂家属区,2室2厅|65平米|2/7层姜碧桃 整租 南北,850 ,元/月
丽水青城3室-2厅-1卫整租 丽水青城,3室2厅|97平米|4/7层 整租 朝南,1500 ,元/月
鼓楼商圈 南街红瓦房对面3楼 可做培训机构 等 鼓楼公寓,3室2厅|150平米|3/6层汪亮 整租 南北,3500 ,元/月
襄城二桥头附近，繁华地段，出行方便，附近学校，菜场， 怡虹公寓,2室2厅|90平米|2/7层程有哲 整租 南北,1400 ,元/月
襄城四中初中部 审计局步行五分 精装两室 拎包入住 审计局家属院,2室2厅|100平米|1/6层吴莹 整租 南北,2200 ,元/月
鼓楼南街税务局家属院 3室2厅1卫 主卧 南 暂无小区,3室2厅|80平米|4/7层贾先生 合租 朝南,700 ,元/月
万山职业技术学校，院大停车好，床，空调，热水器，柜子， 暂无小区,3室2厅|148平米|5/6层郭付亚 整租 南北,1500 ,元/月
檀溪路名仕家旁全新精装2室拎包入住业主急租 欢迎随时看房 轴承厂家属区,2室1厅|50平米|6/6层胡金凤 整租 南北,850 ,元/月
恒大名都4室-2厅-2卫整租 恒大名都,4室2厅|176平米|10/32层 整租 南北,4600 ,元/月
老龙堤家属院 2室精装修出租 昌龙小区,2室2厅|85平米|5/7层黄虹玲 整租 南北,1200 ,元/月
安厦好房 檀溪新居两室精装修 楼层好 家具家电齐全 檀溪新居,2室2厅|86平米|6/7层张曼 整租 南北,1800 ,元/月
恒大对面小区精装修 二室二厅一卫家电齐全拎包入住 檀溪府邸,2室2厅|85平米|17/23层方辉 整租 南北,1500 ,元/月
檀溪路上名仕家天下中央空调两室精装修拎包入住 家私齐全 名仕家天下,2室2厅|98平米|8/12层胡柳进 整租 南北,2000 ,元/月
襄城中心医院附近四中对面3室近22中四中义教部新装家具家电全 审计局家属院,2室2厅|100平米|2/6层朱桂芳 整租 南北,2500 ,元/月
安厦好房 荆州街单位小区学 区房 家具家电齐全适合陪读 景苑1区,3室2厅|110平米|1/7层李莉 整租 南北,2600 ,元/月
安厦新出租房源 檀溪路鼓楼商场家属院三室 家具家电齐全 鼓楼商场福利路家属院,3室2厅|138平米|3/6层李莉 整租 南北,2300 ,元/月
安厦好房 恒大名都对面小区一室精装家具家电齐全 看房方便 檀溪府邸,1室1厅|65平米|10/23层李莉 整租 南北,1500 ,元/月
安厦好房 檀溪恒大名都对面小区 两室家具家电齐全 看房方便 檀溪府邸,2室2厅|82平米|19/23层李莉 整租 南北,1800 ,元/月
檀溪万山轴承厂1室1厅+独立卫生间+厨房+阳台+41中近 轴承厂家属区,2室1厅|45平米|3/4层钟敏 整租 南北,500 ,元/月
滨江苑小区 3室2厅2卫 滨江苑小区,3室2厅|132平米|1/6层党女士 整租 南北,2600 ,元/月
檀溪中路 山水檀溪秀园 大3室 电梯房出租 租办公 靠路边 山水檀溪秀园,3室2厅|110平米|8/18层黄虹玲 整租 南北,1600 ,元/月
安嘉，君临山房子出租。家具家电齐，精装修拎包入住 君临山,2室2厅|92平米|14/16层朱雪平 整租 朝南,2400 ,元/月
《安厦》优选 恒大名都二期 一室一厅 家电齐全 中间楼层 恒大名都,1室1厅|39平米|10/33层廉敖月 整租 南北,1600 ,元/月
红心家园2室-1厅-1卫整租 红心家园,2室1厅|70平米|4/7层 整租 南北,2000 ,元/月
六化建育才小区2室-1厅-1卫整租 六化建育才小区,2室1厅|79平米|7/7层 整租 南北,1200 ,元/月
恒大名都2室-2厅-1卫整租 恒大名都,2室2厅|92平米|23/32层 整租 朝南,2300 ,元/月
恒大名都一楼大平层，适合各种办公，培训 恒大名都,4室2厅|158平米|1/23层吕亚兰 整租 南北,3500 ,元/月
荆州街五小四中高中部部陪读房，新房子3楼，家电家具齐全拎包入 景苑1区,3室2厅|120平米|4/6层崔贵波 合租 朝南,2800 ,元/月
铁路四院中房盛景对面和谐家园，干净清爽，采光好，家具家电齐全 和谐家园,2室2厅|98平米|12/22层杨正群 整租 南北,1500 ,元/月
家园旁边公寓，国际商都拎包入住 国际商都,1室1厅|40平米|3/3层彭军芳 整租 朝南,1000 ,元/月
鼓楼实验小学对面红花园2楼 2室 1700每月年付 花园公寓,2室2厅|70平米|2/7层汪亮 整租 南北,1700 ,元/月
单位院，停车方便，中间楼层，一居室出租 襄城公安分局家属院,1室1厅|50平米|3/6层陈月华 整租 南北,1500 ,元/月
单位院停车方便，中间楼层，家具家电齐全，有钥匙，随时看房 中房泰鑫公寓,1室1厅|50平米|3/6层陈月华 整租 南北,1500 ,元/月
有钥匙房 建安小区电梯房 家乐福对面 标准一室一厅 建安小区,1室1厅|56平米|1/21层庄开丹 整租 朝南,1300 ,元/月
鱼梁洲银杏家园1室1厅，精装修，2路车终点站。 银杏家园,1室1厅|65平米|6/6层王红梅 整租 南北,650 ,元/月
檀溪路檀溪新居小高层电梯房家具家电齐全，拎包入住！ 檀溪新居,3室2厅|125平米|3/11层杨贤 整租 南北,2000 ,元/月
恒大名都精装修4室2厅，适合办公，培训托管，家庭会馆等，一楼 恒大名都,4室2厅|160平米|1/23层万言 整租 南北,3500 ,元/月
41中附近 檀溪轴承厂好楼层2室2厅 南北通透 轴承厂家属区,2室2厅|65平米|5/6层钟敏 整租 南北,900 ,元/月
南苑小区2室-1厅-1卫整租 南苑小区,2室1厅|80平米|2/2层 整租 南北,1500 ,元/月
安厦好房 檀溪中路东方小区旁边襄南家属院 两室家具家电齐全 东方社区,2室2厅|105平米|3/8层李莉 整租 南北,1500 ,元/月
图书馆旁边租檀溪检察院家属院2室精装家具家电齐全， 山水檀溪明园,2室2厅|88平米|3/7层黄虹玲 整租 南北,1600 ,元/月
襄城区，鼓楼南街，党校家属院 党校家属院,2室2厅|98平米|5/7层樊雪玲 整租 南北,2500 ,元/月
檀溪路恒大对面，室内光线好，拎包入住，长租可以面议 檀溪府邸,2室2厅|83平米|17/24层彭军芳 整租 朝南,1500 ,元/月
四中高中部22旁 冯家巷单位院 中装1室 适宜陪读停车方便 市经信委冯家巷生活区,1室1厅|30平米|2/5层张庆锋 整租 南北,1500 ,元/月
檀溪中路暖气房 学府花园 精装2室 家具家电齐 可短租 学府花园,2室2厅|100平米|6/8层张庆锋 整租 南北,2000 ,元/月
鼓楼财局家属院 拎包入 住停车方便 中间楼层 民安公寓,2室2厅|85平米|1/7层黄虹玲 整租 南北,1700 ,元/月
中心医院 1室0厅1卫 暂无小区,1室0厅|35平米|1/3层袁女士 整租 南北,550 ,元/月
二桥头单位家属院一室一厅拎包入住 中房泰鑫公寓,1室1厅|55平米|2/3层李贵花 整租 南北,1500 ,元/月
鼓楼十字街南街红花园实验昭明附近3室出租保养地好 红心家园,3室2厅|130平米|1/6层吴莹 整租 南北,1700 ,元/月
滨江苑小区 3室2厅2卫 滨江苑小区,3室2厅|132平米|1/6层党女士 整租 朝南,2600 ,元/月
檀溪*3室-2厅-1卫整租 檀溪府邸,3室2厅|120平米|13/26层 整租 南北,2300 ,元/月
襄城檀溪山水天成精装修电梯江景房拎包入住 山水天成,3室2厅|128平米|22/26层王风 整租 南北,3000 ,元/月
襄城民主西路化工机械厂家属院两房两厅提包入住！1500元/月 民主公寓,2室2厅|87平米|3/7层甘雪峰 整租 朝南,1500 ,元/月
胜利街唐城附近粮食中转库家属院3楼 暂无小区,2室1厅|68平米|3/6层张明海 整租 南北,700 ,元/月
檀溪路国际商都，有洗衣机，空调，热水器，拎包入住 国际商都,1室1厅|55平米|3/3层程有哲 整租 南北,700 ,元/月
襄城西门桥 党校旁建行家属院 二楼精装小两房 家具家电齐全 建行檀溪支行家属院,2室2厅|80平米|2/6层贾锋 整租 南北,1800 ,元/月
檀溪路檀溪新居小高层电梯房家具家电齐全，拎包入住！ 檀溪新居,3室2厅|125平米|3/11层郭付亚 整租 南北,2000 ,元/月
万山轴承厂41中附近 精装修 拎包入住业主急租 轴承厂家属区,2室2厅|45平米|6/6层胡金凤 整租 南北,800 ,元/月
滨湖路小区精装修 二室二厅一卫家电齐全拎包入住 檀溪府邸,2室2厅|85平米|10/23层方辉 整租 南北,1700 ,元/月
荟苑小区 2室2厅1卫 荟苑小区,2室2厅|96平米|5/7层王秀华女士 整租 南北,1200 ,元/月
学府花园1室-1厅-1卫整租 学府花园,1室1厅|45平米|3/7层 整租 朝南,800 ,元/月
业主急租 檀溪府底精装2室电梯房 楼层好家私齐全 看房方便 檀溪府邸,2室2厅|84平米|5/26层秦萍萍 整租 南北,1600 ,元/月
安厦好房 檀溪恒大对面小区 两室精装家具家电齐全 看房方便 檀溪府邸,2室2厅|85平米|1/23层李莉 整租 南北,1900 ,元/月
安厦 襄城檀溪路恒大名都前面还建房 2室 精装 部分家具电梯 檀溪府邸,2室2厅|85平米|18/26层李莉 整租 南北,1500 ,元/月
安厦好房 檀溪新居两室简单家具 电梯房小区环境好 看房方便 檀溪新居,2室2厅|80平米|7/15层李莉 整租 南北,1200 ,元/月
安厦好房 环城东路荟苑小区 大两室精装家具家电齐全 看房方便 荟苑小区,2室2厅|92平米|3/7层李莉 整租 南北,1500 ,元/月
六化建一室一厅一厨一卫精装修52平方4 楼 暂无小区,1室1厅|55平米|4/5层汤琴 整租 朝南,1000 ,元/月
檀溪广电旁，精装三室，家具家电齐全 檀溪府邸,3室2厅|120平米|17/24层彭军芳 整租 朝南,2400 ,元/月
二桥头单位家属院，简装一居室 怡虹公寓,1室1厅|30平米|7/7层张珍 整租 南北,300 ,元/月
万山小区 1室0厅1卫 暂无小区,1室0厅|100平米|1/5层张先生 整租 朝南,2000 ,元/月
海容骧龙国际(公寓)2室-2厅-1卫整租 海容骧龙国际(公寓),2室2厅|93平米|20/21层 整租 南北,800 ,元/月
电梯二桥头 明园精装1室 家具家电齐 山水檀溪明园,1室1厅|50平米|7/9层丁月 整租 南北,1700 ,元/月
四中义教部步行五分 精装一室拎包入住 四中小学家属院,1室1厅|40平米|2/6层丁月 整租 南北,1500 ,元/月
鱼梁洲 锦绣家园 温馨两居室拎包入住物美价廉 锦绣家园,2室2厅|90平米|6/7层周东 整租 南北,1000 ,元/月
业主急租 万山轴承厂家属院61平2室 650每月急急急急 轴承厂家属区,2室2厅|62平米|4/6层秦萍萍 整租 南北,650 ,元/月
鼓楼十字街南街红花园实验昭明附近3室出租保养地好 红心家园,3室2厅|130平米|1/6层朱桂芳 整租 南北,1700 ,元/月
安厦好房襄城 美格丽芬 名人城市 山水檀溪明园 2室2厅1卫 山水檀溪明园,2室2厅|90平米|4/9层王春红 整租 南北,2600 ,元/月
恒大名都对面檀溪府低高档电梯精装大两房家电齐全拎包入住！！！ 檀溪府邸,2室2厅|92平米|14/27层庄坦 整租 南北,1700 ,元/月
好位子泰鑫公寓出租啦 中房泰鑫公寓,3室2厅|130平米|4/8层龚后兵 合租 南北,1800 ,元/月
四中义务教育部2室-2厅-1卫整租 四中小学家属院,2室2厅|86平米|5/6层 整租 朝南,3300 ,元/月
骧龙国际对面10楼2室-2厅-1卫整租 骧龙国际,2室2厅|75平米|10/17层 整租 南北,1000 ,元/月
鱼梁洲大两室 出租 环境好 空气好 鹿鸣岛花园春风苑,2室2厅|90平米|6/7层周冲 整租 朝南,1000 ,元/月
恒名都精装两室，家具家电齐全，拎包入住 恒大名都,2室2厅|91平米|23/32层吕亚兰 整租 南北,2300 ,元/月
六化建，一室一厅，三楼，两家共用卫生间，价格实惠 六化建家属楼,1室1厅|40平米|3/4层王秀莲 整租 南北,350 ,元/月
东门好房出租油脂小区3楼，2室2厅空调 电视 洗衣机拎包入住 油脂小区,2室1厅|68平米|3/6层崔贵波 整租 朝南,1350 ,元/月
檀溪路二桥头武商旁血站家属院，家具家电齐全。 檀溪路16号小区,2室1厅|83平米|5/7层彭军芳 整租 朝南,1400 ,元/月
山水檀溪明园附近 2楼 精装1室家电齐全拎包住1500每月 山水檀溪明园,1室1厅|50平米|2/6层汪亮 整租 南北,1500 ,元/月
山水檀溪明园附近步梯房 精装1室 家电齐全拎包住 1200 山水檀溪明园,1室1厅|35平米|3/6层汪亮 整租 南北,1200 ,元/月
山水檀溪明园附近步梯房 精装1室 家电齐全拎包住 1500 山水檀溪明园,1室1厅|50平米|3/6层汪亮 整租 南北,1500 ,元/月
檀溪路，新建小区，电梯房，家电齐全，拎包入住 檀溪府邸,2室2厅|87平米|4/26层程有哲 整租 南北,1500 ,元/月
万山轴承厂精装修 2室1厅 41中附近 轴承厂家属区,2室1厅|50平米|6/6层钟敏 整租 南北,800 ,元/月
安厦好房 东方小区两室精装修 楼层好 家具家电齐全 东方社区,2室2厅|80平米|12/15层张曼 整租 南北,1500 ,元/月
安厦好房 恒大一室精装修楼层好 家具家电齐全拎包入住 恒大名都,1室1厅|39平米|10/33层张曼 整租 南北,1600 ,元/月
得怡苑小区 2室1厅1卫 暂无小区,2室1厅|73平米|1/7层刘先生 整租 朝南,800 ,元/月
家乐福商圈建安小区电梯房大三室家具家电齐全 建安小区,3室2厅|115平米|10/26层黄珊珊 整租 南北,2600 ,元/月
万山轴承厂襄轴家属院2室 好楼层家私齐全 看房方便 轴承厂家属区,2室2厅|63平米|2/6层秦萍萍 整租 南北,650 ,元/月
安厦好房 檀溪中路学府花园附近小区 两室精装家具家电齐全 学府花园,2室2厅|90平米|2/7层李莉 整租 南北,2000 ,元/月
安厦好房 荆州街生活四区 两室家具家电齐全 看房方便 生活一区,2室2厅|78平米|5/6层李莉 整租 南北,1800 ,元/月
安厦好房 檀溪恒大名都对面小区 两室精装家具家电齐全看房方便 檀溪府邸,2室2厅|85平米|5/25层李莉 整租 南北,1800 ,元/月
安厦好房 檀溪恒大名都对面小区 三室家具家电齐全 看房方便 檀溪府邸,3室2厅|120平米|5/26层李莉 整租 南北,2500 ,元/月
安厦好房 东门口河畔林语两室精装家具家电齐全 有钥匙看房方便 庞公春晓,2室2厅|95平米|5/15层李莉 整租 南北,1500 ,元/月
檀溪路万山轴承厂旁宏伟厂家属院3室2厅带暖气41中附近 宏伟小区,3室2厅|89平米|5/5层钟敏 整租 南北,1000 ,元/月
鼓楼财局家属院 中间楼层 拎包入住停车方便 民安公寓,2室2厅|85平米|1/7层黄虹玲 整租 南北,1700 ,元/月
襄城春天1600元/月99平米2室2厅1卫1阳台精装，看房方 襄城春天,2室2厅|99平米|5/7层郭付亚 整租 南北,1600 ,元/月
柳林桥村 3室2厅2卫 暂无小区,3室2厅|120平米|1/4层康先生 整租 东西,2500 ,元/月
山水檀溪简装三居室，可拎包即住，价格可面议！ 山水檀溪山水家园,3室2厅|120平米|3/15层张珍 整租 南北,1300 ,元/月
万山小区 1室1厅1卫 暂无小区,1室1厅|40平米|3/4层张先生 整租 朝南,600 ,元/月
檀溪虎头山路 学府花园 精装3室 家具家电齐 随时入住 学府花园,3室2厅|115平米|6/8层张庆锋 整租 南北,2200 ,元/月
家乐福商圈 38中对面 电梯房 精装修 1室1厅 拎包入住 建安小区,1室1厅|57平米|10/20层陈红梅 整租 朝南,1400 ,元/月
檀溪路 檀溪新居 3室 好房出租 檀溪新居,3室2厅|137平米|3/14层刘亮 整租 南北,2000 ,元/月
襄城檀溪路名仕家天下 精装两室 家电齐全 拎包入住 名仕家天下,2室2厅|97平米|8/15层梁晶晶 整租 南北,2000 ,元/月
安厦好房 檀溪恒大名都对面小区 两室精装家具家电齐全看房方便 檀溪府邸,2室2厅|85平米|5/25层李莉 整租 南北,1800 ,元/月
司法局家属院 2室1厅1卫 司法局家属院,2室1厅|98平米|2/7层刘旭女士 整租 朝南,2100 ,元/月
安厦优选襄城东门口 河畔林语 庞公春晓一轻局2楼3楼精装干净 隆馨家园,2室2厅|69平米|3/6层王春红 整租 南北,1200 ,元/月
北门公寓4室-2厅-1卫整租 北门公寓,4室2厅|140平米|4/5层 整租 南北,3000 ,元/月
安廈 东方小区市政府对面 精装2房 家具家电齐全 拎包入住 东方社区,2室2厅|81平米|12/15层马思维 整租 南北,1550 ,元/月
襄轴花园2室-1厅-1卫整租 襄轴花园,2室1厅|70平米|6/7层 整租 南北,800 ,元/月
25中附近102一楼房子出租，热水器，柜子，床 暂无小区,2室1厅|50平米|1/4层窦凤英 整租 南北,1000 ,元/月
